run_name,hidden,aggregator,fanout_s,fanout_l,dropout,batch_size,epoch,train_loss,train_acc,val_loss,val_acc,norm_train_acc,norm_val_acc
hid64_aggmean_fan15-10_drop20_bs256,64,mean,15,10,0.2,256,1,2.2046,0.3683,2.0026,0.0619,0.3683,0.0619
hid64_aggmean_fan15-10_drop20_bs256,64,mean,15,10,0.2,256,2,2.1649,0.4633,2.1765,0.0306,0.4633,0.0306
hid64_aggmean_fan15-10_drop20_bs256,64,mean,15,10,0.2,256,3,2.1354,0.492,2.1097,0.0407,0.492,0.0407
hid64_aggmean_fan15-10_drop20_bs256,64,mean,15,10,0.2,256,4,2.1131,0.4716,2.178,0.0423,0.4716,0.0423
hid64_aggmean_fan15-10_drop20_bs256,64,mean,15,10,0.2,256,5,2.1011,0.4986,2.4258,0.0364,0.4986,0.0364
hid64_aggmean_fan15-10_drop20_bs256,64,mean,15,10,0.2,256,6,2.0893,0.5149,2.4787,0.0359,0.5149,0.0359
hid64_aggmean_fan15-10_drop20_bs256,64,mean,15,10,0.2,256,7,2.0955,0.5081,2.3914,0.0404,0.5081,0.0404
hid64_aggmean_fan15-10_drop20_bs256,64,mean,15,10,0.2,256,8,2.0677,0.4955,2.386,0.0457,0.4955,0.0457
hid64_aggmean_fan15-10_drop20_bs256,64,mean,15,10,0.2,256,9,2.0627,0.4777,2.1851,0.054,0.4777,0.054
hid64_aggmean_fan15-10_drop20_bs256,64,mean,15,10,0.2,256,10,2.0625,0.515,2.3957,0.0441,0.515,0.0441
hid64_aggmean_fan15-10_drop20_bs256,64,mean,15,10,0.2,256,11,2.0472,0.4967,2.2753,0.0516,0.4967,0.0516
hid64_aggmean_fan15-10_drop20_bs256,64,mean,15,10,0.2,256,12,2.0497,0.4392,2.417,0.0442,0.4392,0.0442
hid64_aggmean_fan15-10_drop20_bs256,64,mean,15,10,0.2,256,13,2.0431,0.4889,2.3261,0.0533,0.4889,0.0533
hid64_aggmean_fan15-10_drop20_bs256,64,mean,15,10,0.2,256,14,2.0361,0.479,2.4127,0.0407,0.479,0.0407
hid64_aggmean_fan15-10_drop20_bs256,64,mean,15,10,0.2,256,15,2.0237,0.4982,2.5103,0.0385,0.4982,0.0385
hid64_aggmean_fan15-10_drop20_bs256,64,mean,15,10,0.2,256,16,2.0204,0.4353,2.2028,0.0693,0.4353,0.0693
hid64_aggmean_fan15-10_drop20_bs256,64,mean,15,10,0.2,256,17,2.0137,0.4588,2.4352,0.0435,0.4588,0.0435
hid64_aggmean_fan15-10_drop20_bs256,64,mean,15,10,0.2,256,18,2.0089,0.456,2.3962,0.0536,0.456,0.0536
hid64_aggmean_fan15-10_drop20_bs256,64,mean,15,10,0.2,256,19,2.0086,0.4423,2.3897,0.0443,0.4423,0.0443
hid64_aggmean_fan15-10_drop20_bs256,64,mean,15,10,0.2,256,20,1.9916,0.4328,2.3887,0.0447,0.4328,0.0447
hid64_aggmean_fan15-10_drop20_bs256,64,mean,15,10,0.2,256,21,1.9905,0.4393,2.4008,0.039,0.4393,0.039
hid64_aggmean_fan15-10_drop20_bs256,64,mean,15,10,0.2,256,22,1.9847,0.4254,2.4172,0.0417,0.4254,0.0417
hid64_aggmean_fan15-10_drop20_bs256,64,mean,15,10,0.2,256,23,1.9795,0.4107,2.4786,0.0381,0.4107,0.0381
hid64_aggmean_fan15-10_drop20_bs256,64,mean,15,10,0.2,256,24,1.9772,0.3984,2.3783,0.0442,0.3984,0.0442
hid64_aggmean_fan15-10_drop20_bs256,64,mean,15,10,0.2,256,25,1.9765,0.4172,2.4264,0.0412,0.4172,0.0412
hid64_aggmean_fan15-10_drop30_bs256,64,mean,15,10,0.3,256,1,2.2026,0.3392,2.0857,0.0173,0.3392,0.0173
hid64_aggmean_fan15-10_drop30_bs256,64,mean,15,10,0.3,256,2,2.1662,0.3647,2.1321,0.0495,0.3647,0.0495
hid64_aggmean_fan15-10_drop30_bs256,64,mean,15,10,0.3,256,3,2.1396,0.393,2.1349,0.0418,0.393,0.0418
hid64_aggmean_fan15-10_drop30_bs256,64,mean,15,10,0.3,256,4,2.1303,0.4791,2.1616,0.0573,0.4791,0.0573
hid64_aggmean_fan15-10_drop30_bs256,64,mean,15,10,0.3,256,5,2.1118,0.5004,2.253,0.0402,0.5004,0.0402
hid64_aggmean_fan15-10_drop30_bs256,64,mean,15,10,0.3,256,6,2.101,0.4705,2.2933,0.0405,0.4705,0.0405
hid64_aggmean_fan15-10_drop30_bs256,64,mean,15,10,0.3,256,7,2.0865,0.4854,2.3369,0.0464,0.4854,0.0464
hid64_aggmean_fan15-10_drop30_bs256,64,mean,15,10,0.3,256,8,2.0912,0.5117,2.402,0.0448,0.5117,0.0448
hid64_aggmean_fan15-10_drop30_bs256,64,mean,15,10,0.3,256,9,2.0709,0.494,2.3661,0.0434,0.494,0.0434
hid64_aggmean_fan15-10_drop30_bs256,64,mean,15,10,0.3,256,10,2.0749,0.5181,2.3086,0.0461,0.5181,0.0461
hid64_aggmean_fan15-10_drop30_bs256,64,mean,15,10,0.3,256,11,2.0668,0.4914,2.3134,0.0515,0.4914,0.0515
hid64_aggmean_fan15-10_drop30_bs256,64,mean,15,10,0.3,256,12,2.0498,0.4579,2.3642,0.0403,0.4579,0.0403
hid64_aggmean_fan15-10_drop30_bs256,64,mean,15,10,0.3,256,13,2.0507,0.4657,2.4933,0.0427,0.4657,0.0427
hid64_aggmean_fan15-10_drop30_bs256,64,mean,15,10,0.3,256,14,2.0467,0.4707,2.3939,0.0459,0.4707,0.0459
hid64_aggmean_fan15-10_drop30_bs256,64,mean,15,10,0.3,256,15,2.0417,0.4532,2.2678,0.0565,0.4532,0.0565
hid64_aggmean_fan15-10_drop30_bs256,64,mean,15,10,0.3,256,16,2.0326,0.4549,2.344,0.0497,0.4549,0.0497
hid64_aggmean_fan15-10_drop30_bs256,64,mean,15,10,0.3,256,17,2.0326,0.4682,2.5514,0.0365,0.4682,0.0365
hid64_aggmean_fan15-10_drop30_bs256,64,mean,15,10,0.3,256,18,2.0273,0.4572,2.4128,0.0465,0.4572,0.0465
hid64_aggmean_fan15-10_drop30_bs256,64,mean,15,10,0.3,256,19,2.0193,0.4236,2.3093,0.0498,0.4236,0.0498
hid64_aggmean_fan15-10_drop30_bs256,64,mean,15,10,0.3,256,20,2.0126,0.4313,2.2599,0.0438,0.4313,0.0438
hid64_aggmean_fan15-10_drop30_bs256,64,mean,15,10,0.3,256,21,2.0051,0.4528,2.2958,0.0511,0.4528,0.0511
hid64_aggmean_fan15-10_drop30_bs256,64,mean,15,10,0.3,256,22,2.0053,0.4417,2.2743,0.0495,0.4417,0.0495
hid64_aggmean_fan15-10_drop30_bs256,64,mean,15,10,0.3,256,23,1.9934,0.4388,2.3936,0.045,0.4388,0.045
hid64_aggmean_fan15-10_drop30_bs256,64,mean,15,10,0.3,256,24,1.9955,0.3845,2.3756,0.0415,0.3845,0.0415
hid64_aggmean_fan15-10_drop30_bs256,64,mean,15,10,0.3,256,25,1.9929,0.3969,2.3727,0.0437,0.3969,0.0437
hid64_aggmean_fan15-10_drop40_bs256,64,mean,15,10,0.4,256,1,2.2152,0.3853,1.8684,0.5101,0.3853,0.5101
hid64_aggmean_fan15-10_drop40_bs256,64,mean,15,10,0.4,256,2,2.1863,0.3821,2.1101,0.0347,0.3821,0.0347
hid64_aggmean_fan15-10_drop40_bs256,64,mean,15,10,0.4,256,3,2.147,0.4526,2.1876,0.0345,0.4526,0.0345
hid64_aggmean_fan15-10_drop40_bs256,64,mean,15,10,0.4,256,4,2.1291,0.4175,2.1686,0.0396,0.4175,0.0396
hid64_aggmean_fan15-10_drop40_bs256,64,mean,15,10,0.4,256,5,2.1051,0.4762,2.2002,0.0418,0.4762,0.0418
hid64_aggmean_fan15-10_drop40_bs256,64,mean,15,10,0.4,256,6,2.0962,0.4562,2.2728,0.0381,0.4562,0.0381
hid64_aggmean_fan15-10_drop40_bs256,64,mean,15,10,0.4,256,7,2.0979,0.454,2.3332,0.0383,0.454,0.0383
hid64_aggmean_fan15-10_drop40_bs256,64,mean,15,10,0.4,256,8,2.093,0.4848,2.2624,0.0519,0.4848,0.0519
hid64_aggmean_fan15-10_drop40_bs256,64,mean,15,10,0.4,256,9,2.0782,0.4763,2.4118,0.0383,0.4763,0.0383
hid64_aggmean_fan15-10_drop40_bs256,64,mean,15,10,0.4,256,10,2.0867,0.4413,2.3609,0.0495,0.4413,0.0495
hid64_aggmean_fan15-10_drop40_bs256,64,mean,15,10,0.4,256,11,2.0669,0.4331,2.3078,0.0488,0.4331,0.0488
hid64_aggmean_fan15-10_drop40_bs256,64,mean,15,10,0.4,256,12,2.069,0.4367,2.4509,0.0369,0.4367,0.0369
hid64_aggmean_fan15-10_drop40_bs256,64,mean,15,10,0.4,256,13,2.0498,0.4491,2.3089,0.0501,0.4491,0.0501
hid64_aggmean_fan15-10_drop40_bs256,64,mean,15,10,0.4,256,14,2.0546,0.4581,2.2721,0.0585,0.4581,0.0585
hid64_aggmean_fan15-10_drop40_bs256,64,mean,15,10,0.4,256,15,2.0407,0.4384,2.429,0.0409,0.4384,0.0409
hid64_aggmean_fan15-10_drop40_bs256,64,mean,15,10,0.4,256,16,2.0441,0.3849,2.3601,0.0497,0.3849,0.0497
hid64_aggmean_fan15-10_drop40_bs256,64,mean,15,10,0.4,256,17,2.0294,0.4592,2.4344,0.0415,0.4592,0.0415
hid64_aggmean_fan15-10_drop40_bs256,64,mean,15,10,0.4,256,18,2.033,0.4463,2.3059,0.0457,0.4463,0.0457
hid64_aggmean_fan15-10_drop40_bs256,64,mean,15,10,0.4,256,19,2.0115,0.4444,2.3377,0.0432,0.4444,0.0432
hid64_aggmean_fan15-10_drop40_bs256,64,mean,15,10,0.4,256,20,2.0115,0.4088,2.374,0.0387,0.4088,0.0387
hid64_aggmean_fan15-10_drop40_bs256,64,mean,15,10,0.4,256,21,2.0265,0.4237,2.2772,0.0493,0.4237,0.0493
hid64_aggmean_fan15-10_drop40_bs256,64,mean,15,10,0.4,256,22,2.0092,0.4456,2.2806,0.0473,0.4456,0.0473
hid64_aggmean_fan15-10_drop40_bs256,64,mean,15,10,0.4,256,23,2.014,0.4225,2.3408,0.0435,0.4225,0.0435
hid64_aggmean_fan15-10_drop40_bs256,64,mean,15,10,0.4,256,24,1.9891,0.4402,2.3641,0.0453,0.4402,0.0453
hid64_aggmean_fan15-10_drop40_bs256,64,mean,15,10,0.4,256,25,2.0102,0.3769,2.3131,0.0482,0.3769,0.0482
hid64_aggmean_fan25-15_drop20_bs256,64,mean,25,15,0.2,256,1,2.1973,0.429,2.0669,0.0752,0.429,0.0752
hid64_aggmean_fan25-15_drop20_bs256,64,mean,25,15,0.2,256,2,2.165,0.4189,2.2512,0.0276,0.4189,0.0276
hid64_aggmean_fan25-15_drop20_bs256,64,mean,25,15,0.2,256,3,2.1254,0.4401,2.249,0.0372,0.4401,0.0372
hid64_aggmean_fan25-15_drop20_bs256,64,mean,25,15,0.2,256,4,2.1035,0.4708,2.1909,0.0427,0.4708,0.0427
hid64_aggmean_fan25-15_drop20_bs256,64,mean,25,15,0.2,256,5,2.0992,0.4765,2.4048,0.0374,0.4765,0.0374
hid64_aggmean_fan25-15_drop20_bs256,64,mean,25,15,0.2,256,6,2.0847,0.4832,2.35,0.0468,0.4832,0.0468
hid64_aggmean_fan25-15_drop20_bs256,64,mean,25,15,0.2,256,7,2.0811,0.4782,2.3895,0.0456,0.4782,0.0456
hid64_aggmean_fan25-15_drop20_bs256,64,mean,25,15,0.2,256,8,2.0725,0.4798,2.3281,0.0548,0.4798,0.0548
hid64_aggmean_fan25-15_drop20_bs256,64,mean,25,15,0.2,256,9,2.0642,0.4941,2.465,0.0589,0.4941,0.0589
hid64_aggmean_fan25-15_drop20_bs256,64,mean,25,15,0.2,256,10,2.0479,0.4827,2.4943,0.0414,0.4827,0.0414
hid64_aggmean_fan25-15_drop20_bs256,64,mean,25,15,0.2,256,11,2.0498,0.4612,2.4359,0.0428,0.4612,0.0428
hid64_aggmean_fan25-15_drop20_bs256,64,mean,25,15,0.2,256,12,2.0452,0.4661,2.2641,0.0561,0.4661,0.0561
hid64_aggmean_fan25-15_drop20_bs256,64,mean,25,15,0.2,256,13,2.0369,0.4434,2.3977,0.0486,0.4434,0.0486
hid64_aggmean_fan25-15_drop20_bs256,64,mean,25,15,0.2,256,14,2.0277,0.4389,2.4251,0.0488,0.4389,0.0488
hid64_aggmean_fan25-15_drop20_bs256,64,mean,25,15,0.2,256,15,2.0274,0.4291,2.2815,0.0587,0.4291,0.0587
hid64_aggmean_fan25-15_drop20_bs256,64,mean,25,15,0.2,256,16,2.0111,0.4364,2.365,0.0564,0.4364,0.0564
hid64_aggmean_fan25-15_drop20_bs256,64,mean,25,15,0.2,256,17,2.0161,0.4312,2.3228,0.0574,0.4312,0.0574
hid64_aggmean_fan25-15_drop20_bs256,64,mean,25,15,0.2,256,18,2.0041,0.4619,2.3953,0.0502,0.4619,0.0502
hid64_aggmean_fan25-15_drop20_bs256,64,mean,25,15,0.2,256,19,1.997,0.4173,2.3356,0.0549,0.4173,0.0549
hid64_aggmean_fan25-15_drop20_bs256,64,mean,25,15,0.2,256,20,2.0001,0.4583,2.4485,0.0441,0.4583,0.0441
hid64_aggmean_fan25-15_drop20_bs256,64,mean,25,15,0.2,256,21,1.985,0.4019,2.3698,0.052,0.4019,0.052
hid64_aggmean_fan25-15_drop20_bs256,64,mean,25,15,0.2,256,22,1.9831,0.3879,2.4005,0.0478,0.3879,0.0478
hid64_aggmean_fan25-15_drop20_bs256,64,mean,25,15,0.2,256,23,1.9662,0.3941,2.4227,0.0487,0.3941,0.0487
hid64_aggmean_fan25-15_drop20_bs256,64,mean,25,15,0.2,256,24,1.9651,0.4279,2.3621,0.0511,0.4279,0.0511
hid64_aggmean_fan25-15_drop20_bs256,64,mean,25,15,0.2,256,25,1.9592,0.4047,2.4396,0.0402,0.4047,0.0402
hid64_aggmean_fan25-15_drop30_bs256,64,mean,25,15,0.3,256,1,2.2103,0.3729,2.001,0.0561,0.3729,0.0561
hid64_aggmean_fan25-15_drop30_bs256,64,mean,25,15,0.3,256,2,2.1734,0.4209,2.0563,0.0333,0.4209,0.0333
hid64_aggmean_fan25-15_drop30_bs256,64,mean,25,15,0.3,256,3,2.1446,0.4368,2.2409,0.0336,0.4368,0.0336
hid64_aggmean_fan25-15_drop30_bs256,64,mean,25,15,0.3,256,4,2.1232,0.5059,2.3174,0.0331,0.5059,0.0331
hid64_aggmean_fan25-15_drop30_bs256,64,mean,25,15,0.3,256,5,2.1138,0.5083,2.2773,0.0342,0.5083,0.0342
hid64_aggmean_fan25-15_drop30_bs256,64,mean,25,15,0.3,256,6,2.0967,0.452,2.3389,0.0416,0.452,0.0416
hid64_aggmean_fan25-15_drop30_bs256,64,mean,25,15,0.3,256,7,2.0913,0.483,2.3709,0.0403,0.483,0.0403
hid64_aggmean_fan25-15_drop30_bs256,64,mean,25,15,0.3,256,8,2.0893,0.4663,2.428,0.0377,0.4663,0.0377
hid64_aggmean_fan25-15_drop30_bs256,64,mean,25,15,0.3,256,9,2.0853,0.5123,2.3344,0.0436,0.5123,0.0436
hid64_aggmean_fan25-15_drop30_bs256,64,mean,25,15,0.3,256,10,2.0711,0.46,2.4195,0.0427,0.46,0.0427
hid64_aggmean_fan25-15_drop30_bs256,64,mean,25,15,0.3,256,11,2.0645,0.521,2.3174,0.0465,0.521,0.0465
hid64_aggmean_fan25-15_drop30_bs256,64,mean,25,15,0.3,256,12,2.0606,0.5279,2.3294,0.0484,0.5279,0.0484
hid64_aggmean_fan25-15_drop30_bs256,64,mean,25,15,0.3,256,13,2.0534,0.4428,2.3218,0.0529,0.4428,0.0529
hid64_aggmean_fan25-15_drop30_bs256,64,mean,25,15,0.3,256,14,2.0499,0.4907,2.336,0.0482,0.4907,0.0482
hid64_aggmean_fan25-15_drop30_bs256,64,mean,25,15,0.3,256,15,2.0408,0.4755,2.2972,0.0501,0.4755,0.0501
hid64_aggmean_fan25-15_drop30_bs256,64,mean,25,15,0.3,256,16,2.0347,0.4594,2.3849,0.0469,0.4594,0.0469
hid64_aggmean_fan25-15_drop30_bs256,64,mean,25,15,0.3,256,17,2.0268,0.4357,2.1987,0.0597,0.4357,0.0597
hid64_aggmean_fan25-15_drop30_bs256,64,mean,25,15,0.3,256,18,2.0232,0.4259,2.3831,0.0484,0.4259,0.0484
hid64_aggmean_fan25-15_drop30_bs256,64,mean,25,15,0.3,256,19,2.0175,0.4294,2.3509,0.0498,0.4294,0.0498
hid64_aggmean_fan25-15_drop30_bs256,64,mean,25,15,0.3,256,20,2.0141,0.469,2.3037,0.0518,0.469,0.0518
hid64_aggmean_fan25-15_drop30_bs256,64,mean,25,15,0.3,256,21,2.0043,0.4051,2.3168,0.05,0.4051,0.05
hid64_aggmean_fan25-15_drop30_bs256,64,mean,25,15,0.3,256,22,2.0096,0.454,2.4971,0.0371,0.454,0.0371
hid64_aggmean_fan25-15_drop30_bs256,64,mean,25,15,0.3,256,23,2.0034,0.4031,2.2132,0.0514,0.4031,0.0514
hid64_aggmean_fan25-15_drop30_bs256,64,mean,25,15,0.3,256,24,1.9914,0.4309,2.4384,0.0403,0.4309,0.0403
hid64_aggmean_fan25-15_drop30_bs256,64,mean,25,15,0.3,256,25,1.988,0.4005,2.3217,0.0473,0.4005,0.0473
hid64_aggmean_fan25-15_drop40_bs256,64,mean,25,15,0.4,256,1,2.2035,0.4005,1.9245,0.1628,0.4005,0.1628
hid64_aggmean_fan25-15_drop40_bs256,64,mean,25,15,0.4,256,2,2.1764,0.3875,2.193,0.0326,0.3875,0.0326
hid64_aggmean_fan25-15_drop40_bs256,64,mean,25,15,0.4,256,3,2.1407,0.4118,2.1607,0.0627,0.4118,0.0627
hid64_aggmean_fan25-15_drop40_bs256,64,mean,25,15,0.4,256,4,2.1323,0.4666,2.288,0.0413,0.4666,0.0413
hid64_aggmean_fan25-15_drop40_bs256,64,mean,25,15,0.4,256,5,2.1253,0.4832,2.3078,0.0363,0.4832,0.0363
hid64_aggmean_fan25-15_drop40_bs256,64,mean,25,15,0.4,256,6,2.1031,0.5093,2.214,0.0497,0.5093,0.0497
hid64_aggmean_fan25-15_drop40_bs256,64,mean,25,15,0.4,256,7,2.0967,0.4419,2.3118,0.051,0.4419,0.051
hid64_aggmean_fan25-15_drop40_bs256,64,mean,25,15,0.4,256,8,2.0937,0.5248,2.3994,0.0376,0.5248,0.0376
hid64_aggmean_fan25-15_drop40_bs256,64,mean,25,15,0.4,256,9,2.0818,0.4802,2.3653,0.0382,0.4802,0.0382
hid64_aggmean_fan25-15_drop40_bs256,64,mean,25,15,0.4,256,10,2.0692,0.4904,2.4282,0.0428,0.4904,0.0428
hid64_aggmean_fan25-15_drop40_bs256,64,mean,25,15,0.4,256,11,2.0789,0.4886,2.3104,0.045,0.4886,0.045
hid64_aggmean_fan25-15_drop40_bs256,64,mean,25,15,0.4,256,12,2.0606,0.5172,2.3937,0.0442,0.5172,0.0442
hid64_aggmean_fan25-15_drop40_bs256,64,mean,25,15,0.4,256,13,2.0669,0.4622,2.2773,0.0448,0.4622,0.0448
hid64_aggmean_fan25-15_drop40_bs256,64,mean,25,15,0.4,256,14,2.064,0.4683,2.3642,0.0429,0.4683,0.0429
hid64_aggmean_fan25-15_drop40_bs256,64,mean,25,15,0.4,256,15,2.0509,0.4598,2.2932,0.0436,0.4598,0.0436
hid64_aggmean_fan25-15_drop40_bs256,64,mean,25,15,0.4,256,16,2.0481,0.4441,2.3909,0.04,0.4441,0.04
hid64_aggmean_fan25-15_drop40_bs256,64,mean,25,15,0.4,256,17,2.0426,0.4578,2.242,0.0603,0.4578,0.0603
hid64_aggmean_fan25-15_drop40_bs256,64,mean,25,15,0.4,256,18,2.0329,0.4795,2.3906,0.0429,0.4795,0.0429
hid64_aggmean_fan25-15_drop40_bs256,64,mean,25,15,0.4,256,19,2.0376,0.4728,2.3262,0.0475,0.4728,0.0475
hid64_aggmean_fan25-15_drop40_bs256,64,mean,25,15,0.4,256,20,2.0226,0.4457,2.3868,0.0436,0.4457,0.0436
hid64_aggmean_fan25-15_drop40_bs256,64,mean,25,15,0.4,256,21,2.0165,0.4529,2.3492,0.0503,0.4529,0.0503
hid64_aggmean_fan25-15_drop40_bs256,64,mean,25,15,0.4,256,22,2.0215,0.4332,2.273,0.0515,0.4332,0.0515
hid64_aggmean_fan25-15_drop40_bs256,64,mean,25,15,0.4,256,23,2.011,0.4587,2.3998,0.0395,0.4587,0.0395
hid64_aggmean_fan25-15_drop40_bs256,64,mean,25,15,0.4,256,24,2.0059,0.4407,2.3444,0.0508,0.4407,0.0508
hid64_aggmean_fan25-15_drop40_bs256,64,mean,25,15,0.4,256,25,2.005,0.4326,2.341,0.0423,0.4326,0.0423
hid64_aggmean_fan15-10_drop20_bs512,64,mean,15,10,0.2,512,1,2.2443,0.2799,2.0862,0.0921,0.2799,0.0921
hid64_aggmean_fan15-10_drop20_bs512,64,mean,15,10,0.2,512,2,2.2209,0.2357,2.2847,0.0251,0.2357,0.0251
hid64_aggmean_fan15-10_drop20_bs512,64,mean,15,10,0.2,512,3,2.1884,0.2691,2.3106,0.0333,0.2691,0.0333
hid64_aggmean_fan15-10_drop20_bs512,64,mean,15,10,0.2,512,4,2.163,0.3663,2.3179,0.0344,0.3663,0.0344
hid64_aggmean_fan15-10_drop20_bs512,64,mean,15,10,0.2,512,5,2.1489,0.331,2.454,0.035,0.331,0.035
hid64_aggmean_fan15-10_drop20_bs512,64,mean,15,10,0.2,512,6,2.1279,0.3807,2.4635,0.0384,0.3807,0.0384
hid64_aggmean_fan15-10_drop20_bs512,64,mean,15,10,0.2,512,7,2.1312,0.3816,2.4982,0.0326,0.3816,0.0326
hid64_aggmean_fan15-10_drop20_bs512,64,mean,15,10,0.2,512,8,2.1101,0.3986,2.4782,0.0373,0.3986,0.0373
hid64_aggmean_fan15-10_drop20_bs512,64,mean,15,10,0.2,512,9,2.1147,0.4184,2.5681,0.0376,0.4184,0.0376
hid64_aggmean_fan15-10_drop20_bs512,64,mean,15,10,0.2,512,10,2.1078,0.3807,2.4994,0.0388,0.3807,0.0388
hid64_aggmean_fan15-10_drop20_bs512,64,mean,15,10,0.2,512,11,2.0904,0.4061,2.5038,0.0325,0.4061,0.0325
hid64_aggmean_fan15-10_drop20_bs512,64,mean,15,10,0.2,512,12,2.0827,0.3803,2.57,0.0361,0.3803,0.0361
hid64_aggmean_fan15-10_drop20_bs512,64,mean,15,10,0.2,512,13,2.0724,0.369,2.3857,0.0503,0.369,0.0503
hid64_aggmean_fan15-10_drop20_bs512,64,mean,15,10,0.2,512,14,2.0737,0.3506,2.6316,0.0371,0.3506,0.0371
hid64_aggmean_fan15-10_drop20_bs512,64,mean,15,10,0.2,512,15,2.0666,0.358,2.4916,0.0377,0.358,0.0377
hid64_aggmean_fan15-10_drop20_bs512,64,mean,15,10,0.2,512,16,2.0632,0.3232,2.5458,0.0389,0.3232,0.0389
hid64_aggmean_fan15-10_drop20_bs512,64,mean,15,10,0.2,512,17,2.0532,0.358,2.6144,0.0284,0.358,0.0284
hid64_aggmean_fan15-10_drop20_bs512,64,mean,15,10,0.2,512,18,2.0442,0.3493,2.4806,0.0434,0.3493,0.0434
hid64_aggmean_fan15-10_drop20_bs512,64,mean,15,10,0.2,512,19,2.0445,0.3366,2.5553,0.0367,0.3366,0.0367
hid64_aggmean_fan15-10_drop20_bs512,64,mean,15,10,0.2,512,20,2.042,0.3279,1.9692,0.1062,0.3279,0.1062
hid64_aggmean_fan15-10_drop20_bs512,64,mean,15,10,0.2,512,21,2.0294,0.3603,2.5261,0.0352,0.3603,0.0352
hid64_aggmean_fan15-10_drop20_bs512,64,mean,15,10,0.2,512,22,2.0182,0.3322,2.4351,0.0503,0.3322,0.0503
hid64_aggmean_fan15-10_drop20_bs512,64,mean,15,10,0.2,512,23,2.0187,0.3416,2.4878,0.0391,0.3416,0.0391
hid64_aggmean_fan15-10_drop20_bs512,64,mean,15,10,0.2,512,24,2.0157,0.3203,2.4646,0.044,0.3203,0.044
hid64_aggmean_fan15-10_drop20_bs512,64,mean,15,10,0.2,512,25,2.0084,0.3659,2.4775,0.0415,0.3659,0.0415
hid64_aggmean_fan15-10_drop30_bs512,64,mean,15,10,0.3,512,1,2.2516,0.3922,2.1204,0.1434,0.3922,0.1434
hid64_aggmean_fan15-10_drop30_bs512,64,mean,15,10,0.3,512,2,2.2199,0.3268,2.1211,0.0528,0.3268,0.0528
hid64_aggmean_fan15-10_drop30_bs512,64,mean,15,10,0.3,512,3,2.1977,0.2738,2.1193,0.0614,0.2738,0.0614
hid64_aggmean_fan15-10_drop30_bs512,64,mean,15,10,0.3,512,4,2.1722,0.306,2.2402,0.0337,0.306,0.0337
hid64_aggmean_fan15-10_drop30_bs512,64,mean,15,10,0.3,512,5,2.1587,0.3703,2.3063,0.0346,0.3703,0.0346
hid64_aggmean_fan15-10_drop30_bs512,64,mean,15,10,0.3,512,6,2.146,0.3245,2.4308,0.0342,0.3245,0.0342
hid64_aggmean_fan15-10_drop30_bs512,64,mean,15,10,0.3,512,7,2.1274,0.3592,2.5158,0.0341,0.3592,0.0341
hid64_aggmean_fan15-10_drop30_bs512,64,mean,15,10,0.3,512,8,2.1176,0.3675,2.3761,0.0382,0.3675,0.0382
hid64_aggmean_fan15-10_drop30_bs512,64,mean,15,10,0.3,512,9,2.1093,0.3413,2.4041,0.0372,0.3413,0.0372
hid64_aggmean_fan15-10_drop30_bs512,64,mean,15,10,0.3,512,10,2.116,0.3801,2.375,0.042,0.3801,0.042
hid64_aggmean_fan15-10_drop30_bs512,64,mean,15,10,0.3,512,11,2.0939,0.4013,2.4541,0.0391,0.4013,0.0391
hid64_aggmean_fan15-10_drop30_bs512,64,mean,15,10,0.3,512,12,2.0938,0.3916,2.6132,0.0366,0.3916,0.0366
hid64_aggmean_fan15-10_drop30_bs512,64,mean,15,10,0.3,512,13,2.094,0.4046,2.4307,0.0423,0.4046,0.0423
hid64_aggmean_fan15-10_drop30_bs512,64,mean,15,10,0.3,512,14,2.0895,0.3596,2.5114,0.0379,0.3596,0.0379
hid64_aggmean_fan15-10_drop30_bs512,64,mean,15,10,0.3,512,15,2.0801,0.3467,2.4687,0.0403,0.3467,0.0403
hid64_aggmean_fan15-10_drop30_bs512,64,mean,15,10,0.3,512,16,2.0689,0.3739,2.4285,0.0433,0.3739,0.0433
hid64_aggmean_fan15-10_drop30_bs512,64,mean,15,10,0.3,512,17,2.0643,0.3527,2.4437,0.046,0.3527,0.046
hid64_aggmean_fan15-10_drop30_bs512,64,mean,15,10,0.3,512,18,2.0554,0.3966,2.5951,0.0388,0.3966,0.0388
hid64_aggmean_fan15-10_drop30_bs512,64,mean,15,10,0.3,512,19,2.0418,0.3114,2.5664,0.0383,0.3114,0.0383
hid64_aggmean_fan15-10_drop30_bs512,64,mean,15,10,0.3,512,20,2.0448,0.3505,2.5271,0.035,0.3505,0.035
hid64_aggmean_fan15-10_drop30_bs512,64,mean,15,10,0.3,512,21,2.0473,0.3502,2.5559,0.0393,0.3502,0.0393
hid64_aggmean_fan15-10_drop30_bs512,64,mean,15,10,0.3,512,22,2.0397,0.3584,2.4704,0.054,0.3584,0.054
hid64_aggmean_fan15-10_drop30_bs512,64,mean,15,10,0.3,512,23,2.0264,0.3747,2.5591,0.037,0.3747,0.037
hid64_aggmean_fan15-10_drop30_bs512,64,mean,15,10,0.3,512,24,2.025,0.3187,2.6109,0.0369,0.3187,0.0369
hid64_aggmean_fan15-10_drop30_bs512,64,mean,15,10,0.3,512,25,2.0241,0.3508,2.4637,0.0438,0.3508,0.0438
hid64_aggmean_fan15-10_drop40_bs512,64,mean,15,10,0.4,512,1,2.2512,0.2171,2.1304,0.0234,0.2171,0.0234
hid64_aggmean_fan15-10_drop40_bs512,64,mean,15,10,0.4,512,2,2.2197,0.2405,2.2055,0.0332,0.2405,0.0332
hid64_aggmean_fan15-10_drop40_bs512,64,mean,15,10,0.4,512,3,2.2031,0.2727,2.2436,0.0328,0.2727,0.0328
hid64_aggmean_fan15-10_drop40_bs512,64,mean,15,10,0.4,512,4,2.1869,0.3588,2.3212,0.0318,0.3588,0.0318
hid64_aggmean_fan15-10_drop40_bs512,64,mean,15,10,0.4,512,5,2.1743,0.3357,2.2275,0.0387,0.3357,0.0387
hid64_aggmean_fan15-10_drop40_bs512,64,mean,15,10,0.4,512,6,2.155,0.3469,2.4629,0.0329,0.3469,0.0329
hid64_aggmean_fan15-10_drop40_bs512,64,mean,15,10,0.4,512,7,2.1439,0.3477,2.4052,0.0348,0.3477,0.0348
hid64_aggmean_fan15-10_drop40_bs512,64,mean,15,10,0.4,512,8,2.1215,0.3694,2.4151,0.0374,0.3694,0.0374
hid64_aggmean_fan15-10_drop40_bs512,64,mean,15,10,0.4,512,9,2.1277,0.3471,2.4464,0.034,0.3471,0.034
hid64_aggmean_fan15-10_drop40_bs512,64,mean,15,10,0.4,512,10,2.1274,0.3638,2.5082,0.031,0.3638,0.031
hid64_aggmean_fan15-10_drop40_bs512,64,mean,15,10,0.4,512,11,2.0987,0.3815,2.5198,0.0338,0.3815,0.0338
hid64_aggmean_fan15-10_drop40_bs512,64,mean,15,10,0.4,512,12,2.0989,0.3419,2.5576,0.0368,0.3419,0.0368
hid64_aggmean_fan15-10_drop40_bs512,64,mean,15,10,0.4,512,13,2.0982,0.3685,2.5671,0.0339,0.3685,0.0339
hid64_aggmean_fan15-10_drop40_bs512,64,mean,15,10,0.4,512,14,2.0868,0.3968,2.5017,0.0385,0.3968,0.0385
hid64_aggmean_fan15-10_drop40_bs512,64,mean,15,10,0.4,512,15,2.0931,0.3352,2.4472,0.0458,0.3352,0.0458
hid64_aggmean_fan15-10_drop40_bs512,64,mean,15,10,0.4,512,16,2.095,0.3862,2.5472,0.0331,0.3862,0.0331
hid64_aggmean_fan15-10_drop40_bs512,64,mean,15,10,0.4,512,17,2.0706,0.3624,2.5599,0.0369,0.3624,0.0369
hid64_aggmean_fan15-10_drop40_bs512,64,mean,15,10,0.4,512,18,2.0793,0.3592,2.4572,0.0446,0.3592,0.0446
hid64_aggmean_fan15-10_drop40_bs512,64,mean,15,10,0.4,512,19,2.0658,0.3661,2.4899,0.0417,0.3661,0.0417
hid64_aggmean_fan15-10_drop40_bs512,64,mean,15,10,0.4,512,20,2.059,0.3376,2.5296,0.0392,0.3376,0.0392
hid64_aggmean_fan15-10_drop40_bs512,64,mean,15,10,0.4,512,21,2.064,0.326,2.5474,0.0374,0.326,0.0374
hid64_aggmean_fan15-10_drop40_bs512,64,mean,15,10,0.4,512,22,2.0543,0.3453,2.4841,0.0415,0.3453,0.0415
hid64_aggmean_fan15-10_drop40_bs512,64,mean,15,10,0.4,512,23,2.0557,0.315,2.5069,0.0423,0.315,0.0423
hid64_aggmean_fan15-10_drop40_bs512,64,mean,15,10,0.4,512,24,2.0414,0.3592,2.5279,0.0381,0.3592,0.0381
hid64_aggmean_fan15-10_drop40_bs512,64,mean,15,10,0.4,512,25,2.0288,0.3383,2.4765,0.041,0.3383,0.041
hid64_aggmean_fan25-15_drop20_bs512,64,mean,25,15,0.2,512,1,2.2438,0.2192,2.2013,0.0197,0.2192,0.0197
hid64_aggmean_fan25-15_drop20_bs512,64,mean,25,15,0.2,512,2,2.2058,0.2774,2.3552,0.0235,0.2774,0.0235
hid64_aggmean_fan25-15_drop20_bs512,64,mean,25,15,0.2,512,3,2.1862,0.334,2.2366,0.0554,0.334,0.0554
hid64_aggmean_fan25-15_drop20_bs512,64,mean,25,15,0.2,512,4,2.1615,0.373,2.3511,0.038,0.373,0.038
hid64_aggmean_fan25-15_drop20_bs512,64,mean,25,15,0.2,512,5,2.1441,0.4011,2.2622,0.0413,0.4011,0.0413
hid64_aggmean_fan25-15_drop20_bs512,64,mean,25,15,0.2,512,6,2.1252,0.3457,2.5662,0.0351,0.3457,0.0351
hid64_aggmean_fan25-15_drop20_bs512,64,mean,25,15,0.2,512,7,2.1232,0.4578,2.5763,0.0376,0.4578,0.0376
hid64_aggmean_fan25-15_drop20_bs512,64,mean,25,15,0.2,512,8,2.1118,0.4321,2.6126,0.0369,0.4321,0.0369
hid64_aggmean_fan25-15_drop20_bs512,64,mean,25,15,0.2,512,9,2.1065,0.4066,2.5188,0.0369,0.4066,0.0369
hid64_aggmean_fan25-15_drop20_bs512,64,mean,25,15,0.2,512,10,2.0888,0.3968,2.4431,0.0388,0.3968,0.0388
hid64_aggmean_fan25-15_drop20_bs512,64,mean,25,15,0.2,512,11,2.091,0.4014,2.5926,0.0335,0.4014,0.0335
hid64_aggmean_fan25-15_drop20_bs512,64,mean,25,15,0.2,512,12,2.0835,0.3807,2.5549,0.0369,0.3807,0.0369
hid64_aggmean_fan25-15_drop20_bs512,64,mean,25,15,0.2,512,13,2.0775,0.3946,2.6027,0.0363,0.3946,0.0363
hid64_aggmean_fan25-15_drop20_bs512,64,mean,25,15,0.2,512,14,2.0678,0.3822,2.6548,0.0374,0.3822,0.0374
hid64_aggmean_fan25-15_drop20_bs512,64,mean,25,15,0.2,512,15,2.0544,0.4079,2.4793,0.0433,0.4079,0.0433
hid64_aggmean_fan25-15_drop20_bs512,64,mean,25,15,0.2,512,16,2.0578,0.3884,2.5449,0.0367,0.3884,0.0367
hid64_aggmean_fan25-15_drop20_bs512,64,mean,25,15,0.2,512,17,2.0465,0.339,2.485,0.0428,0.339,0.0428
hid64_aggmean_fan25-15_drop20_bs512,64,mean,25,15,0.2,512,18,2.0439,0.3569,2.4575,0.0474,0.3569,0.0474
hid64_aggmean_fan25-15_drop20_bs512,64,mean,25,15,0.2,512,19,2.047,0.3366,2.5492,0.0347,0.3366,0.0347
hid64_aggmean_fan25-15_drop20_bs512,64,mean,25,15,0.2,512,20,2.0335,0.329,2.456,0.0439,0.329,0.0439
hid64_aggmean_fan25-15_drop20_bs512,64,mean,25,15,0.2,512,21,2.013,0.3195,2.5389,0.044,0.3195,0.044
hid64_aggmean_fan25-15_drop20_bs512,64,mean,25,15,0.2,512,22,2.0265,0.3422,2.4608,0.0446,0.3422,0.0446
hid64_aggmean_fan25-15_drop20_bs512,64,mean,25,15,0.2,512,23,2.0019,0.3595,2.6293,0.0362,0.3595,0.0362
hid64_aggmean_fan25-15_drop20_bs512,64,mean,25,15,0.2,512,24,2.0061,0.3151,2.492,0.0399,0.3151,0.0399
hid64_aggmean_fan25-15_drop20_bs512,64,mean,25,15,0.2,512,25,2.0035,0.3342,2.539,0.0396,0.3342,0.0396
hid64_aggmean_fan25-15_drop30_bs512,64,mean,25,15,0.3,512,1,2.2401,0.194,2.0728,0.039,0.194,0.039
hid64_aggmean_fan25-15_drop30_bs512,64,mean,25,15,0.3,512,2,2.2168,0.2301,2.1377,0.0325,0.2301,0.0325
hid64_aggmean_fan25-15_drop30_bs512,64,mean,25,15,0.3,512,3,2.1914,0.2583,2.1883,0.0318,0.2583,0.0318
hid64_aggmean_fan25-15_drop30_bs512,64,mean,25,15,0.3,512,4,2.1743,0.3329,2.41,0.0319,0.3329,0.0319
hid64_aggmean_fan25-15_drop30_bs512,64,mean,25,15,0.3,512,5,2.1511,0.3083,2.3811,0.0362,0.3083,0.0362
hid64_aggmean_fan25-15_drop30_bs512,64,mean,25,15,0.3,512,6,2.1359,0.3565,2.4162,0.0336,0.3565,0.0336
hid64_aggmean_fan25-15_drop30_bs512,64,mean,25,15,0.3,512,7,2.1276,0.3336,2.3502,0.0389,0.3336,0.0389
hid64_aggmean_fan25-15_drop30_bs512,64,mean,25,15,0.3,512,8,2.1083,0.347,2.2693,0.049,0.347,0.049
hid64_aggmean_fan25-15_drop30_bs512,64,mean,25,15,0.3,512,9,2.1154,0.3232,2.4615,0.0361,0.3232,0.0361
hid64_aggmean_fan25-15_drop30_bs512,64,mean,25,15,0.3,512,10,2.1114,0.3551,2.5863,0.0339,0.3551,0.0339
hid64_aggmean_fan25-15_drop30_bs512,64,mean,25,15,0.3,512,11,2.0992,0.3514,2.4036,0.0398,0.3514,0.0398
hid64_aggmean_fan25-15_drop30_bs512,64,mean,25,15,0.3,512,12,2.0958,0.3792,2.4945,0.0357,0.3792,0.0357
hid64_aggmean_fan25-15_drop30_bs512,64,mean,25,15,0.3,512,13,2.0892,0.3275,2.4934,0.0394,0.3275,0.0394
hid64_aggmean_fan25-15_drop30_bs512,64,mean,25,15,0.3,512,14,2.0779,0.3455,2.4585,0.0432,0.3455,0.0432
hid64_aggmean_fan25-15_drop30_bs512,64,mean,25,15,0.3,512,15,2.0725,0.3635,2.413,0.0424,0.3635,0.0424
hid64_aggmean_fan25-15_drop30_bs512,64,mean,25,15,0.3,512,16,2.0597,0.3964,2.4648,0.0386,0.3964,0.0386
hid64_aggmean_fan25-15_drop30_bs512,64,mean,25,15,0.3,512,17,2.0732,0.3502,2.4045,0.0437,0.3502,0.0437
hid64_aggmean_fan25-15_drop30_bs512,64,mean,25,15,0.3,512,18,2.0584,0.401,2.4665,0.0412,0.401,0.0412
hid64_aggmean_fan25-15_drop30_bs512,64,mean,25,15,0.3,512,19,2.0584,0.3492,2.3871,0.0449,0.3492,0.0449
hid64_aggmean_fan25-15_drop30_bs512,64,mean,25,15,0.3,512,20,2.0604,0.3538,2.5046,0.038,0.3538,0.038
hid64_aggmean_fan25-15_drop30_bs512,64,mean,25,15,0.3,512,21,2.0475,0.299,2.474,0.0411,0.299,0.0411
hid64_aggmean_fan25-15_drop30_bs512,64,mean,25,15,0.3,512,22,2.0326,0.3606,2.5285,0.0384,0.3606,0.0384
hid64_aggmean_fan25-15_drop30_bs512,64,mean,25,15,0.3,512,23,2.0333,0.3213,2.4686,0.0378,0.3213,0.0378
hid64_aggmean_fan25-15_drop30_bs512,64,mean,25,15,0.3,512,24,2.0299,0.3287,2.4429,0.0431,0.3287,0.0431
hid64_aggmean_fan25-15_drop30_bs512,64,mean,25,15,0.3,512,25,2.0356,0.3711,2.5808,0.0335,0.3711,0.0335
hid64_aggmean_fan25-15_drop40_bs512,64,mean,25,15,0.4,512,1,2.2612,0.2451,2.0055,0.5563,0.2451,0.5563
hid64_aggmean_fan25-15_drop40_bs512,64,mean,25,15,0.4,512,2,2.2215,0.2813,2.0904,0.0433,0.2813,0.0433
hid64_aggmean_fan25-15_drop40_bs512,64,mean,25,15,0.4,512,3,2.1973,0.2688,2.2057,0.0336,0.2688,0.0336
hid64_aggmean_fan25-15_drop40_bs512,64,mean,25,15,0.4,512,4,2.1761,0.3207,2.177,0.0383,0.3207,0.0383
hid64_aggmean_fan25-15_drop40_bs512,64,mean,25,15,0.4,512,5,2.166,0.2859,2.3176,0.036,0.2859,0.036
hid64_aggmean_fan25-15_drop40_bs512,64,mean,25,15,0.4,512,6,2.1468,0.3457,2.292,0.0549,0.3457,0.0549
hid64_aggmean_fan25-15_drop40_bs512,64,mean,25,15,0.4,512,7,2.1375,0.3762,2.5047,0.0335,0.3762,0.0335
hid64_aggmean_fan25-15_drop40_bs512,64,mean,25,15,0.4,512,8,2.131,0.3804,2.4503,0.0357,0.3804,0.0357
hid64_aggmean_fan25-15_drop40_bs512,64,mean,25,15,0.4,512,9,2.1199,0.4203,2.4368,0.0347,0.4203,0.0347
hid64_aggmean_fan25-15_drop40_bs512,64,mean,25,15,0.4,512,10,2.1116,0.3674,2.4632,0.0363,0.3674,0.0363
hid64_aggmean_fan25-15_drop40_bs512,64,mean,25,15,0.4,512,11,2.1024,0.4121,2.5763,0.0345,0.4121,0.0345
hid64_aggmean_fan25-15_drop40_bs512,64,mean,25,15,0.4,512,12,2.1103,0.3766,2.5329,0.035,0.3766,0.035
hid64_aggmean_fan25-15_drop40_bs512,64,mean,25,15,0.4,512,13,2.1004,0.3519,2.3283,0.0439,0.3519,0.0439
hid64_aggmean_fan25-15_drop40_bs512,64,mean,25,15,0.4,512,14,2.0903,0.3792,2.5146,0.0378,0.3792,0.0378
hid64_aggmean_fan25-15_drop40_bs512,64,mean,25,15,0.4,512,15,2.0913,0.3571,2.5052,0.0402,0.3571,0.0402
hid64_aggmean_fan25-15_drop40_bs512,64,mean,25,15,0.4,512,16,2.0867,0.3511,2.4914,0.0416,0.3511,0.0416
hid64_aggmean_fan25-15_drop40_bs512,64,mean,25,15,0.4,512,17,2.0711,0.3598,2.551,0.0306,0.3598,0.0306
hid64_aggmean_fan25-15_drop40_bs512,64,mean,25,15,0.4,512,18,2.0815,0.3274,2.4754,0.0393,0.3274,0.0393
hid64_aggmean_fan25-15_drop40_bs512,64,mean,25,15,0.4,512,19,2.0644,0.346,2.5625,0.0327,0.346,0.0327
hid64_aggmean_fan25-15_drop40_bs512,64,mean,25,15,0.4,512,20,2.0543,0.3259,2.5344,0.035,0.3259,0.035
hid64_aggmean_fan25-15_drop40_bs512,64,mean,25,15,0.4,512,21,2.0574,0.3151,2.4304,0.0447,0.3151,0.0447
hid64_aggmean_fan25-15_drop40_bs512,64,mean,25,15,0.4,512,22,2.0488,0.3506,2.4574,0.0412,0.3506,0.0412
hid64_aggmean_fan25-15_drop40_bs512,64,mean,25,15,0.4,512,23,2.0441,0.3264,2.4247,0.0455,0.3264,0.0455
hid64_aggmean_fan25-15_drop40_bs512,64,mean,25,15,0.4,512,24,2.0352,0.3435,2.5434,0.036,0.3435,0.036
hid64_aggmean_fan25-15_drop40_bs512,64,mean,25,15,0.4,512,25,2.0415,0.3082,2.4852,0.0421,0.3082,0.0421
hid64_aggmean_fan15-10_drop20_bs1024,64,mean,15,10,0.2,1024,1,2.279,0.2373,2.1317,0.0684,0.2373,0.0684
hid64_aggmean_fan15-10_drop20_bs1024,64,mean,15,10,0.2,1024,2,2.2492,0.196,2.1822,0.0516,0.196,0.0516
hid64_aggmean_fan15-10_drop20_bs1024,64,mean,15,10,0.2,1024,3,2.2244,0.2602,2.2136,0.0354,0.2602,0.0354
hid64_aggmean_fan15-10_drop20_bs1024,64,mean,15,10,0.2,1024,4,2.2096,0.2152,2.2936,0.0324,0.2152,0.0324
hid64_aggmean_fan15-10_drop20_bs1024,64,mean,15,10,0.2,1024,5,2.185,0.2353,2.3268,0.0343,0.2353,0.0343
hid64_aggmean_fan15-10_drop20_bs1024,64,mean,15,10,0.2,1024,6,2.1756,0.2846,2.371,0.0328,0.2846,0.0328
hid64_aggmean_fan15-10_drop20_bs1024,64,mean,15,10,0.2,1024,7,2.159,0.2538,2.541,0.0344,0.2538,0.0344
hid64_aggmean_fan15-10_drop20_bs1024,64,mean,15,10,0.2,1024,8,2.1485,0.3075,2.4256,0.034,0.3075,0.034
hid64_aggmean_fan15-10_drop20_bs1024,64,mean,15,10,0.2,1024,9,2.1373,0.3306,2.461,0.0359,0.3306,0.0359
hid64_aggmean_fan15-10_drop20_bs1024,64,mean,15,10,0.2,1024,10,2.1311,0.2794,2.5795,0.0292,0.2794,0.0292
hid64_aggmean_fan15-10_drop20_bs1024,64,mean,15,10,0.2,1024,11,2.1195,0.3127,2.6263,0.0309,0.3127,0.0309
hid64_aggmean_fan15-10_drop20_bs1024,64,mean,15,10,0.2,1024,12,2.1164,0.3136,2.5458,0.0351,0.3136,0.0351
hid64_aggmean_fan15-10_drop20_bs1024,64,mean,15,10,0.2,1024,13,2.0991,0.3605,2.7042,0.0265,0.3605,0.0265
hid64_aggmean_fan15-10_drop20_bs1024,64,mean,15,10,0.2,1024,14,2.0904,0.2773,2.5788,0.0377,0.2773,0.0377
hid64_aggmean_fan15-10_drop20_bs1024,64,mean,15,10,0.2,1024,15,2.0871,0.302,2.6901,0.029,0.302,0.029
hid64_aggmean_fan15-10_drop20_bs1024,64,mean,15,10,0.2,1024,16,2.0833,0.2774,2.6216,0.0341,0.2774,0.0341
hid64_aggmean_fan15-10_drop20_bs1024,64,mean,15,10,0.2,1024,17,2.0677,0.3285,2.5301,0.0348,0.3285,0.0348
hid64_aggmean_fan15-10_drop20_bs1024,64,mean,15,10,0.2,1024,18,2.0753,0.2601,2.5984,0.0304,0.2601,0.0304
hid64_aggmean_fan15-10_drop20_bs1024,64,mean,15,10,0.2,1024,19,2.0605,0.3232,2.5938,0.0329,0.3232,0.0329
hid64_aggmean_fan15-10_drop20_bs1024,64,mean,15,10,0.2,1024,20,2.0474,0.2618,2.5564,0.0378,0.2618,0.0378
hid64_aggmean_fan15-10_drop20_bs1024,64,mean,15,10,0.2,1024,21,2.0512,0.2939,2.5766,0.0348,0.2939,0.0348
hid64_aggmean_fan15-10_drop20_bs1024,64,mean,15,10,0.2,1024,22,2.0471,0.271,2.6536,0.0333,0.271,0.0333
hid64_aggmean_fan15-10_drop20_bs1024,64,mean,15,10,0.2,1024,23,2.0352,0.2765,2.5285,0.0365,0.2765,0.0365
hid64_aggmean_fan15-10_drop20_bs1024,64,mean,15,10,0.2,1024,24,2.032,0.2309,2.477,0.0436,0.2309,0.0436
hid64_aggmean_fan15-10_drop20_bs1024,64,mean,15,10,0.2,1024,25,2.0358,0.2779,2.6272,0.0293,0.2779,0.0293
hid64_aggmean_fan15-10_drop30_bs1024,64,mean,15,10,0.3,1024,1,2.2674,0.1707,2.1301,0.1217,0.1707,0.1217
hid64_aggmean_fan15-10_drop30_bs1024,64,mean,15,10,0.3,1024,2,2.2464,0.1536,2.171,0.087,0.1536,0.087
hid64_aggmean_fan15-10_drop30_bs1024,64,mean,15,10,0.3,1024,3,2.2201,0.1921,2.1816,0.075,0.1921,0.075
hid64_aggmean_fan15-10_drop30_bs1024,64,mean,15,10,0.3,1024,4,2.2084,0.1913,2.1644,0.0497,0.1913,0.0497
hid64_aggmean_fan15-10_drop30_bs1024,64,mean,15,10,0.3,1024,5,2.1854,0.251,2.2307,0.0555,0.251,0.0555
hid64_aggmean_fan15-10_drop30_bs1024,64,mean,15,10,0.3,1024,6,2.1789,0.2345,2.3251,0.0323,0.2345,0.0323
hid64_aggmean_fan15-10_drop30_bs1024,64,mean,15,10,0.3,1024,7,2.1636,0.3105,2.2997,0.0293,0.3105,0.0293
hid64_aggmean_fan15-10_drop30_bs1024,64,mean,15,10,0.3,1024,8,2.15,0.2843,2.4298,0.0317,0.2843,0.0317
hid64_aggmean_fan15-10_drop30_bs1024,64,mean,15,10,0.3,1024,9,2.1412,0.2834,2.4594,0.0334,0.2834,0.0334
hid64_aggmean_fan15-10_drop30_bs1024,64,mean,15,10,0.3,1024,10,2.1292,0.3046,2.4914,0.0285,0.3046,0.0285
hid64_aggmean_fan15-10_drop30_bs1024,64,mean,15,10,0.3,1024,11,2.1231,0.3168,2.5346,0.0301,0.3168,0.0301
hid64_aggmean_fan15-10_drop30_bs1024,64,mean,15,10,0.3,1024,12,2.1186,0.2745,2.577,0.0348,0.2745,0.0348
hid64_aggmean_fan15-10_drop30_bs1024,64,mean,15,10,0.3,1024,13,2.113,0.3146,2.7376,0.0284,0.3146,0.0284
hid64_aggmean_fan15-10_drop30_bs1024,64,mean,15,10,0.3,1024,14,2.107,0.316,2.5729,0.0275,0.316,0.0275
hid64_aggmean_fan15-10_drop30_bs1024,64,mean,15,10,0.3,1024,15,2.097,0.2977,2.5389,0.029,0.2977,0.029
hid64_aggmean_fan15-10_drop30_bs1024,64,mean,15,10,0.3,1024,16,2.0959,0.2934,2.4466,0.0368,0.2934,0.0368
hid64_aggmean_fan15-10_drop30_bs1024,64,mean,15,10,0.3,1024,17,2.0928,0.3228,2.5249,0.0332,0.3228,0.0332
hid64_aggmean_fan15-10_drop30_bs1024,64,mean,15,10,0.3,1024,18,2.0823,0.3222,2.5809,0.0268,0.3222,0.0268
hid64_aggmean_fan15-10_drop30_bs1024,64,mean,15,10,0.3,1024,19,2.0731,0.3066,2.5417,0.0325,0.3066,0.0325
hid64_aggmean_fan15-10_drop30_bs1024,64,mean,15,10,0.3,1024,20,2.072,0.3499,2.5794,0.0319,0.3499,0.0319
hid64_aggmean_fan15-10_drop30_bs1024,64,mean,15,10,0.3,1024,21,2.0702,0.3076,2.6787,0.0272,0.3076,0.0272
hid64_aggmean_fan15-10_drop30_bs1024,64,mean,15,10,0.3,1024,22,2.0654,0.3095,2.6964,0.0263,0.3095,0.0263
hid64_aggmean_fan15-10_drop30_bs1024,64,mean,15,10,0.3,1024,23,2.0574,0.3301,2.5896,0.0294,0.3301,0.0294
hid64_aggmean_fan15-10_drop30_bs1024,64,mean,15,10,0.3,1024,24,2.0579,0.3162,2.6548,0.0305,0.3162,0.0305
hid64_aggmean_fan15-10_drop30_bs1024,64,mean,15,10,0.3,1024,25,2.05,0.272,2.6418,0.0292,0.272,0.0292
hid64_aggmean_fan15-10_drop40_bs1024,64,mean,15,10,0.4,1024,1,2.2739,0.1236,2.1837,0.0247,0.1236,0.0247
hid64_aggmean_fan15-10_drop40_bs1024,64,mean,15,10,0.4,1024,2,2.2494,0.1737,2.1913,0.0707,0.1737,0.0707
hid64_aggmean_fan15-10_drop40_bs1024,64,mean,15,10,0.4,1024,3,2.2223,0.226,2.1866,0.0522,0.226,0.0522
hid64_aggmean_fan15-10_drop40_bs1024,64,mean,15,10,0.4,1024,4,2.21,0.2045,2.183,0.0346,0.2045,0.0346
hid64_aggmean_fan15-10_drop40_bs1024,64,mean,15,10,0.4,1024,5,2.1946,0.213,2.2839,0.0362,0.213,0.0362
hid64_aggmean_fan15-10_drop40_bs1024,64,mean,15,10,0.4,1024,6,2.1849,0.2237,2.3232,0.0324,0.2237,0.0324
hid64_aggmean_fan15-10_drop40_bs1024,64,mean,15,10,0.4,1024,7,2.1711,0.2712,2.3631,0.035,0.2712,0.035
hid64_aggmean_fan15-10_drop40_bs1024,64,mean,15,10,0.4,1024,8,2.1502,0.2668,2.4826,0.0324,0.2668,0.0324
hid64_aggmean_fan15-10_drop40_bs1024,64,mean,15,10,0.4,1024,9,2.1399,0.2545,2.4979,0.0311,0.2545,0.0311
hid64_aggmean_fan15-10_drop40_bs1024,64,mean,15,10,0.4,1024,10,2.1419,0.2797,2.5352,0.0231,0.2797,0.0231
hid64_aggmean_fan15-10_drop40_bs1024,64,mean,15,10,0.4,1024,11,2.1341,0.3326,2.5221,0.0321,0.3326,0.0321
hid64_aggmean_fan15-10_drop40_bs1024,64,mean,15,10,0.4,1024,12,2.1217,0.2686,2.4591,0.0306,0.2686,0.0306
hid64_aggmean_fan15-10_drop40_bs1024,64,mean,15,10,0.4,1024,13,2.1268,0.3285,2.499,0.0319,0.3285,0.0319
hid64_aggmean_fan15-10_drop40_bs1024,64,mean,15,10,0.4,1024,14,2.112,0.3172,2.5591,0.0291,0.3172,0.0291
hid64_aggmean_fan15-10_drop40_bs1024,64,mean,15,10,0.4,1024,15,2.1032,0.2645,2.5886,0.0301,0.2645,0.0301
hid64_aggmean_fan15-10_drop40_bs1024,64,mean,15,10,0.4,1024,16,2.0987,0.3048,2.5417,0.0261,0.3048,0.0261
hid64_aggmean_fan15-10_drop40_bs1024,64,mean,15,10,0.4,1024,17,2.0889,0.3167,2.5462,0.0268,0.3167,0.0268
hid64_aggmean_fan15-10_drop40_bs1024,64,mean,15,10,0.4,1024,18,2.0902,0.3077,2.6263,0.0264,0.3077,0.0264
hid64_aggmean_fan15-10_drop40_bs1024,64,mean,15,10,0.4,1024,19,2.0832,0.2981,2.6939,0.0308,0.2981,0.0308
hid64_aggmean_fan15-10_drop40_bs1024,64,mean,15,10,0.4,1024,20,2.0824,0.2734,2.6388,0.0295,0.2734,0.0295
hid64_aggmean_fan15-10_drop40_bs1024,64,mean,15,10,0.4,1024,21,2.0837,0.3162,2.5589,0.0286,0.3162,0.0286
hid64_aggmean_fan15-10_drop40_bs1024,64,mean,15,10,0.4,1024,22,2.0698,0.2882,2.5641,0.0284,0.2882,0.0284
hid64_aggmean_fan15-10_drop40_bs1024,64,mean,15,10,0.4,1024,23,2.0613,0.2704,2.6178,0.0302,0.2704,0.0302
hid64_aggmean_fan15-10_drop40_bs1024,64,mean,15,10,0.4,1024,24,2.0523,0.2782,2.548,0.0353,0.2782,0.0353
hid64_aggmean_fan15-10_drop40_bs1024,64,mean,15,10,0.4,1024,25,2.0583,0.2605,2.5941,0.0316,0.2605,0.0316
hid64_aggmean_fan25-15_drop20_bs1024,64,mean,25,15,0.2,1024,1,2.2787,0.1294,2.2461,0.0245,0.1294,0.0245
hid64_aggmean_fan25-15_drop20_bs1024,64,mean,25,15,0.2,1024,2,2.2428,0.1385,2.2064,0.0635,0.1385,0.0635
hid64_aggmean_fan25-15_drop20_bs1024,64,mean,25,15,0.2,1024,3,2.2166,0.1467,2.2324,0.035,0.1467,0.035
hid64_aggmean_fan25-15_drop20_bs1024,64,mean,25,15,0.2,1024,4,2.1986,0.1817,2.3348,0.0297,0.1817,0.0297
hid64_aggmean_fan25-15_drop20_bs1024,64,mean,25,15,0.2,1024,5,2.1812,0.2648,2.3791,0.028,0.2648,0.028
hid64_aggmean_fan25-15_drop20_bs1024,64,mean,25,15,0.2,1024,6,2.1729,0.2219,2.4613,0.0286,0.2219,0.0286
hid64_aggmean_fan25-15_drop20_bs1024,64,mean,25,15,0.2,1024,7,2.1607,0.2377,2.4266,0.0311,0.2377,0.0311
hid64_aggmean_fan25-15_drop20_bs1024,64,mean,25,15,0.2,1024,8,2.14,0.3131,2.3798,0.0354,0.3131,0.0354
hid64_aggmean_fan25-15_drop20_bs1024,64,mean,25,15,0.2,1024,9,2.1358,0.2437,2.4073,0.0319,0.2437,0.0319
hid64_aggmean_fan25-15_drop20_bs1024,64,mean,25,15,0.2,1024,10,2.122,0.2619,2.638,0.034,0.2619,0.034
hid64_aggmean_fan25-15_drop20_bs1024,64,mean,25,15,0.2,1024,11,2.1237,0.3097,2.4684,0.0323,0.3097,0.0323
hid64_aggmean_fan25-15_drop20_bs1024,64,mean,25,15,0.2,1024,12,2.1111,0.2917,2.5008,0.0335,0.2917,0.0335
hid64_aggmean_fan25-15_drop20_bs1024,64,mean,25,15,0.2,1024,13,2.0987,0.292,2.6164,0.0275,0.292,0.0275
hid64_aggmean_fan25-15_drop20_bs1024,64,mean,25,15,0.2,1024,14,2.0893,0.2926,2.5418,0.0296,0.2926,0.0296
hid64_aggmean_fan25-15_drop20_bs1024,64,mean,25,15,0.2,1024,15,2.0846,0.2629,2.5253,0.0387,0.2629,0.0387
hid64_aggmean_fan25-15_drop20_bs1024,64,mean,25,15,0.2,1024,16,2.0736,0.3108,2.6007,0.0315,0.3108,0.0315
hid64_aggmean_fan25-15_drop20_bs1024,64,mean,25,15,0.2,1024,17,2.0706,0.2713,2.5705,0.0338,0.2713,0.0338
hid64_aggmean_fan25-15_drop20_bs1024,64,mean,25,15,0.2,1024,18,2.0657,0.2847,2.647,0.0274,0.2847,0.0274
hid64_aggmean_fan25-15_drop20_bs1024,64,mean,25,15,0.2,1024,19,2.0602,0.2878,2.6168,0.0323,0.2878,0.0323
hid64_aggmean_fan25-15_drop20_bs1024,64,mean,25,15,0.2,1024,20,2.0619,0.2507,2.5303,0.0328,0.2507,0.0328
hid64_aggmean_fan25-15_drop20_bs1024,64,mean,25,15,0.2,1024,21,2.0531,0.2629,2.5308,0.0333,0.2629,0.0333
hid64_aggmean_fan25-15_drop20_bs1024,64,mean,25,15,0.2,1024,22,2.0432,0.2602,2.5744,0.0308,0.2602,0.0308
hid64_aggmean_fan25-15_drop20_bs1024,64,mean,25,15,0.2,1024,23,2.0406,0.2523,2.5655,0.0332,0.2523,0.0332
hid64_aggmean_fan25-15_drop20_bs1024,64,mean,25,15,0.2,1024,24,2.0282,0.2502,2.665,0.0312,0.2502,0.0312
hid64_aggmean_fan25-15_drop20_bs1024,64,mean,25,15,0.2,1024,25,2.0221,0.2729,2.5229,0.038,0.2729,0.038
hid64_aggmean_fan25-15_drop30_bs1024,64,mean,25,15,0.3,1024,1,2.2781,0.1352,2.148,0.2411,0.1352,0.2411
hid64_aggmean_fan25-15_drop30_bs1024,64,mean,25,15,0.3,1024,2,2.2407,0.1555,2.1418,0.03,0.1555,0.03
hid64_aggmean_fan25-15_drop30_bs1024,64,mean,25,15,0.3,1024,3,2.2289,0.1637,2.2394,0.0281,0.1637,0.0281
hid64_aggmean_fan25-15_drop30_bs1024,64,mean,25,15,0.3,1024,4,2.2064,0.1857,2.2462,0.0306,0.1857,0.0306
hid64_aggmean_fan25-15_drop30_bs1024,64,mean,25,15,0.3,1024,5,2.195,0.2103,2.2642,0.0344,0.2103,0.0344
hid64_aggmean_fan25-15_drop30_bs1024,64,mean,25,15,0.3,1024,6,2.1807,0.2326,2.3342,0.0341,0.2326,0.0341
hid64_aggmean_fan25-15_drop30_bs1024,64,mean,25,15,0.3,1024,7,2.1713,0.2456,2.3741,0.0292,0.2456,0.0292
hid64_aggmean_fan25-15_drop30_bs1024,64,mean,25,15,0.3,1024,8,2.1629,0.2589,2.4211,0.034,0.2589,0.034
hid64_aggmean_fan25-15_drop30_bs1024,64,mean,25,15,0.3,1024,9,2.1437,0.2999,2.5124,0.0288,0.2999,0.0288
hid64_aggmean_fan25-15_drop30_bs1024,64,mean,25,15,0.3,1024,10,2.1425,0.2478,2.4481,0.0307,0.2478,0.0307
hid64_aggmean_fan25-15_drop30_bs1024,64,mean,25,15,0.3,1024,11,2.139,0.2994,2.4579,0.0315,0.2994,0.0315
hid64_aggmean_fan25-15_drop30_bs1024,64,mean,25,15,0.3,1024,12,2.1213,0.2939,2.482,0.0328,0.2939,0.0328
hid64_aggmean_fan25-15_drop30_bs1024,64,mean,25,15,0.3,1024,13,2.1091,0.3176,2.652,0.0213,0.3176,0.0213
hid64_aggmean_fan25-15_drop30_bs1024,64,mean,25,15,0.3,1024,14,2.1091,0.2331,2.4797,0.0311,0.2331,0.0311
hid64_aggmean_fan25-15_drop30_bs1024,64,mean,25,15,0.3,1024,15,2.1117,0.2952,2.4449,0.0311,0.2952,0.0311
hid64_aggmean_fan25-15_drop30_bs1024,64,mean,25,15,0.3,1024,16,2.0985,0.3189,2.4975,0.0304,0.3189,0.0304
hid64_aggmean_fan25-15_drop30_bs1024,64,mean,25,15,0.3,1024,17,2.0926,0.3308,2.646,0.0285,0.3308,0.0285
hid64_aggmean_fan25-15_drop30_bs1024,64,mean,25,15,0.3,1024,18,2.0786,0.2557,2.5976,0.0303,0.2557,0.0303
hid64_aggmean_fan25-15_drop30_bs1024,64,mean,25,15,0.3,1024,19,2.079,0.3075,2.4852,0.0345,0.3075,0.0345
hid64_aggmean_fan25-15_drop30_bs1024,64,mean,25,15,0.3,1024,20,2.0726,0.3005,2.6337,0.0285,0.3005,0.0285
hid64_aggmean_fan25-15_drop30_bs1024,64,mean,25,15,0.3,1024,21,2.078,0.2843,2.6079,0.0231,0.2843,0.0231
hid64_aggmean_fan25-15_drop30_bs1024,64,mean,25,15,0.3,1024,22,2.0726,0.2574,2.6618,0.0264,0.2574,0.0264
hid64_aggmean_fan25-15_drop30_bs1024,64,mean,25,15,0.3,1024,23,2.0664,0.283,2.5104,0.0322,0.283,0.0322
hid64_aggmean_fan25-15_drop30_bs1024,64,mean,25,15,0.3,1024,24,2.0581,0.2917,2.5573,0.0348,0.2917,0.0348
hid64_aggmean_fan25-15_drop30_bs1024,64,mean,25,15,0.3,1024,25,2.0527,0.2907,2.5952,0.0299,0.2907,0.0299
hid64_aggmean_fan25-15_drop40_bs1024,64,mean,25,15,0.4,1024,1,2.2737,0.3754,2.0464,0.4916,0.3754,0.4916
hid64_aggmean_fan25-15_drop40_bs1024,64,mean,25,15,0.4,1024,2,2.254,0.2485,2.3224,0.0154,0.2485,0.0154
hid64_aggmean_fan25-15_drop40_bs1024,64,mean,25,15,0.4,1024,3,2.2414,0.1697,2.2259,0.0298,0.1697,0.0298
hid64_aggmean_fan25-15_drop40_bs1024,64,mean,25,15,0.4,1024,4,2.2141,0.256,2.2435,0.0306,0.256,0.0306
hid64_aggmean_fan25-15_drop40_bs1024,64,mean,25,15,0.4,1024,5,2.1994,0.2807,2.2399,0.0293,0.2807,0.0293
hid64_aggmean_fan25-15_drop40_bs1024,64,mean,25,15,0.4,1024,6,2.1886,0.2502,2.4322,0.027,0.2502,0.027
hid64_aggmean_fan25-15_drop40_bs1024,64,mean,25,15,0.4,1024,7,2.1709,0.3058,2.4242,0.0333,0.3058,0.0333
hid64_aggmean_fan25-15_drop40_bs1024,64,mean,25,15,0.4,1024,8,2.1664,0.2808,2.388,0.03,0.2808,0.03
hid64_aggmean_fan25-15_drop40_bs1024,64,mean,25,15,0.4,1024,9,2.1613,0.2948,2.4999,0.0305,0.2948,0.0305
hid64_aggmean_fan25-15_drop40_bs1024,64,mean,25,15,0.4,1024,10,2.1521,0.3193,2.6566,0.03,0.3193,0.03
hid64_aggmean_fan25-15_drop40_bs1024,64,mean,25,15,0.4,1024,11,2.134,0.2942,2.4765,0.0351,0.2942,0.0351
hid64_aggmean_fan25-15_drop40_bs1024,64,mean,25,15,0.4,1024,12,2.1245,0.2753,2.5578,0.0274,0.2753,0.0274
hid64_aggmean_fan25-15_drop40_bs1024,64,mean,25,15,0.4,1024,13,2.1155,0.2759,2.5874,0.0333,0.2759,0.0333
hid64_aggmean_fan25-15_drop40_bs1024,64,mean,25,15,0.4,1024,14,2.1132,0.3124,2.5554,0.0326,0.3124,0.0326
hid64_aggmean_fan25-15_drop40_bs1024,64,mean,25,15,0.4,1024,15,2.1165,0.2877,2.654,0.0284,0.2877,0.0284
hid64_aggmean_fan25-15_drop40_bs1024,64,mean,25,15,0.4,1024,16,2.1019,0.2966,2.5271,0.0344,0.2966,0.0344
hid64_aggmean_fan25-15_drop40_bs1024,64,mean,25,15,0.4,1024,17,2.0891,0.3272,2.5506,0.0355,0.3272,0.0355
hid64_aggmean_fan25-15_drop40_bs1024,64,mean,25,15,0.4,1024,18,2.0895,0.2806,2.5688,0.0372,0.2806,0.0372
hid64_aggmean_fan25-15_drop40_bs1024,64,mean,25,15,0.4,1024,19,2.0972,0.2934,2.3268,0.0523,0.2934,0.0523
hid64_aggmean_fan25-15_drop40_bs1024,64,mean,25,15,0.4,1024,20,2.0868,0.3402,2.6823,0.0307,0.3402,0.0307
hid64_aggmean_fan25-15_drop40_bs1024,64,mean,25,15,0.4,1024,21,2.0879,0.3244,2.5558,0.0389,0.3244,0.0389
hid64_aggmean_fan25-15_drop40_bs1024,64,mean,25,15,0.4,1024,22,2.0687,0.3196,2.5703,0.0362,0.3196,0.0362
hid64_aggmean_fan25-15_drop40_bs1024,64,mean,25,15,0.4,1024,23,2.0722,0.2727,2.6617,0.0331,0.2727,0.0331
hid64_aggmean_fan25-15_drop40_bs1024,64,mean,25,15,0.4,1024,24,2.0609,0.3058,2.7027,0.0301,0.3058,0.0301
hid64_aggmean_fan25-15_drop40_bs1024,64,mean,25,15,0.4,1024,25,2.0627,0.2752,2.6316,0.0348,0.2752,0.0348
hid128_aggmean_fan15-10_drop20_bs256,128,mean,15,10,0.2,256,1,2.2113,0.3916,2.0303,0.0343,0.3916,0.0343
hid128_aggmean_fan15-10_drop20_bs256,128,mean,15,10,0.2,256,2,2.1905,0.2989,2.1548,0.0248,0.2989,0.0248
hid128_aggmean_fan15-10_drop20_bs256,128,mean,15,10,0.2,256,3,2.1547,0.3893,2.1269,0.0358,0.3893,0.0358
hid128_aggmean_fan15-10_drop20_bs256,128,mean,15,10,0.2,256,4,2.1404,0.4935,2.059,0.0434,0.4935,0.0434
hid128_aggmean_fan15-10_drop20_bs256,128,mean,15,10,0.2,256,5,2.1211,0.5045,2.1976,0.0392,0.5045,0.0392
hid128_aggmean_fan15-10_drop20_bs256,128,mean,15,10,0.2,256,6,2.1121,0.5177,2.3291,0.0369,0.5177,0.0369
hid128_aggmean_fan15-10_drop20_bs256,128,mean,15,10,0.2,256,7,2.1103,0.5153,2.245,0.0434,0.5153,0.0434
hid128_aggmean_fan15-10_drop20_bs256,128,mean,15,10,0.2,256,8,2.099,0.4856,2.2654,0.0423,0.4856,0.0423
hid128_aggmean_fan15-10_drop20_bs256,128,mean,15,10,0.2,256,9,2.0853,0.5085,2.4542,0.0375,0.5085,0.0375
hid128_aggmean_fan15-10_drop20_bs256,128,mean,15,10,0.2,256,10,2.0851,0.4617,2.3815,0.0397,0.4617,0.0397
hid128_aggmean_fan15-10_drop20_bs256,128,mean,15,10,0.2,256,11,2.0691,0.487,2.3642,0.0452,0.487,0.0452
hid128_aggmean_fan15-10_drop20_bs256,128,mean,15,10,0.2,256,12,2.0684,0.522,2.1199,0.1001,0.522,0.1001
hid128_aggmean_fan15-10_drop20_bs256,128,mean,15,10,0.2,256,13,2.0716,0.4496,2.3179,0.0488,0.4496,0.0488
hid128_aggmean_fan15-10_drop20_bs256,128,mean,15,10,0.2,256,14,2.0594,0.5576,2.3741,0.0455,0.5576,0.0455
hid128_aggmean_fan15-10_drop20_bs256,128,mean,15,10,0.2,256,15,2.0553,0.4885,2.3954,0.0452,0.4885,0.0452
hid128_aggmean_fan15-10_drop20_bs256,128,mean,15,10,0.2,256,16,2.0437,0.5126,2.3025,0.0569,0.5126,0.0569
hid128_aggmean_fan15-10_drop20_bs256,128,mean,15,10,0.2,256,17,2.0388,0.494,2.5093,0.0397,0.494,0.0397
hid128_aggmean_fan15-10_drop20_bs256,128,mean,15,10,0.2,256,18,2.0403,0.4675,2.3549,0.0504,0.4675,0.0504
hid128_aggmean_fan15-10_drop20_bs256,128,mean,15,10,0.2,256,19,2.0399,0.4832,2.4866,0.0388,0.4832,0.0388
hid128_aggmean_fan15-10_drop20_bs256,128,mean,15,10,0.2,256,20,2.0327,0.4566,2.3632,0.0464,0.4566,0.0464
hid128_aggmean_fan15-10_drop20_bs256,128,mean,15,10,0.2,256,21,2.0226,0.516,2.3948,0.0443,0.516,0.0443
hid128_aggmean_fan15-10_drop20_bs256,128,mean,15,10,0.2,256,22,2.0311,0.4596,2.1846,0.0727,0.4596,0.0727
hid128_aggmean_fan15-10_drop20_bs256,128,mean,15,10,0.2,256,23,2.0128,0.4384,2.3721,0.0541,0.4384,0.0541
hid128_aggmean_fan15-10_drop20_bs256,128,mean,15,10,0.2,256,24,2.0168,0.4172,2.4865,0.0389,0.4172,0.0389
hid128_aggmean_fan15-10_drop20_bs256,128,mean,15,10,0.2,256,25,1.998,0.4357,2.5021,0.0454,0.4357,0.0454
hid128_aggmean_fan15-10_drop30_bs256,128,mean,15,10,0.3,256,1,2.2148,0.3925,2.0322,0.029,0.3925,0.029
hid128_aggmean_fan15-10_drop30_bs256,128,mean,15,10,0.3,256,2,2.1804,0.3282,2.0591,0.033,0.3282,0.033
hid128_aggmean_fan15-10_drop30_bs256,128,mean,15,10,0.3,256,3,2.1561,0.3618,2.07,0.0341,0.3618,0.0341
hid128_aggmean_fan15-10_drop30_bs256,128,mean,15,10,0.3,256,4,2.1507,0.4035,2.2223,0.0309,0.4035,0.0309
hid128_aggmean_fan15-10_drop30_bs256,128,mean,15,10,0.3,256,5,2.1374,0.428,2.2064,0.0229,0.428,0.0229
hid128_aggmean_fan15-10_drop30_bs256,128,mean,15,10,0.3,256,6,2.1228,0.4328,2.299,0.0305,0.4328,0.0305
hid128_aggmean_fan15-10_drop30_bs256,128,mean,15,10,0.3,256,7,2.1136,0.4368,2.1293,0.0549,0.4368,0.0549
hid128_aggmean_fan15-10_drop30_bs256,128,mean,15,10,0.3,256,8,2.1005,0.443,2.163,0.0407,0.443,0.0407
hid128_aggmean_fan15-10_drop30_bs256,128,mean,15,10,0.3,256,9,2.096,0.4549,2.318,0.0368,0.4549,0.0368
hid128_aggmean_fan15-10_drop30_bs256,128,mean,15,10,0.3,256,10,2.0864,0.4379,2.2029,0.0399,0.4379,0.0399
hid128_aggmean_fan15-10_drop30_bs256,128,mean,15,10,0.3,256,11,2.0761,0.4598,2.331,0.0396,0.4598,0.0396
hid128_aggmean_fan15-10_drop30_bs256,128,mean,15,10,0.3,256,12,2.0755,0.4814,2.4728,0.0348,0.4814,0.0348
hid128_aggmean_fan15-10_drop30_bs256,128,mean,15,10,0.3,256,13,2.071,0.4542,2.3448,0.0446,0.4542,0.0446
hid128_aggmean_fan15-10_drop30_bs256,128,mean,15,10,0.3,256,14,2.0685,0.4789,2.4574,0.0392,0.4789,0.0392
hid128_aggmean_fan15-10_drop30_bs256,128,mean,15,10,0.3,256,15,2.0651,0.4222,2.4004,0.0365,0.4222,0.0365
hid128_aggmean_fan15-10_drop30_bs256,128,mean,15,10,0.3,256,16,2.0674,0.4389,2.3987,0.0453,0.4389,0.0453
hid128_aggmean_fan15-10_drop30_bs256,128,mean,15,10,0.3,256,17,2.0487,0.4619,2.3759,0.047,0.4619,0.047
hid128_aggmean_fan15-10_drop30_bs256,128,mean,15,10,0.3,256,18,2.044,0.4493,2.4947,0.0378,0.4493,0.0378
hid128_aggmean_fan15-10_drop30_bs256,128,mean,15,10,0.3,256,19,2.0485,0.4532,2.3399,0.0452,0.4532,0.0452
hid128_aggmean_fan15-10_drop30_bs256,128,mean,15,10,0.3,256,20,2.0349,0.4659,2.3362,0.0443,0.4659,0.0443
hid128_aggmean_fan15-10_drop30_bs256,128,mean,15,10,0.3,256,21,2.0368,0.4636,2.455,0.0402,0.4636,0.0402
hid128_aggmean_fan15-10_drop30_bs256,128,mean,15,10,0.3,256,22,2.0302,0.4598,2.3801,0.0429,0.4598,0.0429
hid128_aggmean_fan15-10_drop30_bs256,128,mean,15,10,0.3,256,23,2.0318,0.4228,2.2865,0.0468,0.4228,0.0468
hid128_aggmean_fan15-10_drop30_bs256,128,mean,15,10,0.3,256,24,2.0241,0.4559,2.2638,0.0472,0.4559,0.0472
hid128_aggmean_fan15-10_drop30_bs256,128,mean,15,10,0.3,256,25,2.0192,0.4322,2.4844,0.0386,0.4322,0.0386
hid128_aggmean_fan15-10_drop40_bs256,128,mean,15,10,0.4,256,1,2.2204,0.356,1.9932,0.0325,0.356,0.0325
hid128_aggmean_fan15-10_drop40_bs256,128,mean,15,10,0.4,256,2,2.1899,0.452,2.0651,0.0265,0.452,0.0265
hid128_aggmean_fan15-10_drop40_bs256,128,mean,15,10,0.4,256,3,2.1734,0.4373,2.1325,0.0278,0.4373,0.0278
hid128_aggmean_fan15-10_drop40_bs256,128,mean,15,10,0.4,256,4,2.1512,0.338,2.1672,0.0323,0.338,0.0323
hid128_aggmean_fan15-10_drop40_bs256,128,mean,15,10,0.4,256,5,2.1339,0.4123,2.2376,0.0289,0.4123,0.0289
hid128_aggmean_fan15-10_drop40_bs256,128,mean,15,10,0.4,256,6,2.1329,0.4357,2.1877,0.0324,0.4357,0.0324
hid128_aggmean_fan15-10_drop40_bs256,128,mean,15,10,0.4,256,7,2.1259,0.4591,2.1468,0.0363,0.4591,0.0363
hid128_aggmean_fan15-10_drop40_bs256,128,mean,15,10,0.4,256,8,2.1199,0.4858,2.2919,0.0344,0.4858,0.0344
hid128_aggmean_fan15-10_drop40_bs256,128,mean,15,10,0.4,256,9,2.1084,0.4764,2.2807,0.0372,0.4764,0.0372
hid128_aggmean_fan15-10_drop40_bs256,128,mean,15,10,0.4,256,10,2.1011,0.4559,2.3266,0.036,0.4559,0.036
hid128_aggmean_fan15-10_drop40_bs256,128,mean,15,10,0.4,256,11,2.0905,0.5216,2.3584,0.038,0.5216,0.038
hid128_aggmean_fan15-10_drop40_bs256,128,mean,15,10,0.4,256,12,2.0894,0.4414,2.3845,0.0352,0.4414,0.0352
hid128_aggmean_fan15-10_drop40_bs256,128,mean,15,10,0.4,256,13,2.0828,0.4617,2.404,0.0372,0.4617,0.0372
hid128_aggmean_fan15-10_drop40_bs256,128,mean,15,10,0.4,256,14,2.0753,0.4296,2.3807,0.0409,0.4296,0.0409
hid128_aggmean_fan15-10_drop40_bs256,128,mean,15,10,0.4,256,15,2.0816,0.4671,2.3387,0.0443,0.4671,0.0443
hid128_aggmean_fan15-10_drop40_bs256,128,mean,15,10,0.4,256,16,2.0691,0.4603,2.2347,0.0477,0.4603,0.0477
hid128_aggmean_fan15-10_drop40_bs256,128,mean,15,10,0.4,256,17,2.0788,0.4693,2.3591,0.0381,0.4693,0.0381
hid128_aggmean_fan15-10_drop40_bs256,128,mean,15,10,0.4,256,18,2.068,0.4489,2.369,0.039,0.4489,0.039
hid128_aggmean_fan15-10_drop40_bs256,128,mean,15,10,0.4,256,19,2.0613,0.4442,2.4173,0.0394,0.4442,0.0394
hid128_aggmean_fan15-10_drop40_bs256,128,mean,15,10,0.4,256,20,2.0624,0.4691,2.3425,0.0411,0.4691,0.0411
hid128_aggmean_fan15-10_drop40_bs256,128,mean,15,10,0.4,256,21,2.0404,0.489,2.3161,0.0435,0.489,0.0435
hid128_aggmean_fan15-10_drop40_bs256,128,mean,15,10,0.4,256,22,2.0467,0.4615,2.3471,0.0417,0.4615,0.0417
hid128_aggmean_fan15-10_drop40_bs256,128,mean,15,10,0.4,256,23,2.0441,0.4211,2.3014,0.0513,0.4211,0.0513
hid128_aggmean_fan15-10_drop40_bs256,128,mean,15,10,0.4,256,24,2.0483,0.4203,2.3415,0.0453,0.4203,0.0453
hid128_aggmean_fan15-10_drop40_bs256,128,mean,15,10,0.4,256,25,2.0402,0.4408,2.3295,0.0474,0.4408,0.0474
hid128_aggmean_fan25-15_drop20_bs256,128,mean,25,15,0.2,256,1,2.2097,0.3787,2.0377,0.0516,0.3787,0.0516
hid128_aggmean_fan25-15_drop20_bs256,128,mean,25,15,0.2,256,2,2.1724,0.3612,1.9943,0.1716,0.3612,0.1716
hid128_aggmean_fan25-15_drop20_bs256,128,mean,25,15,0.2,256,3,2.1563,0.491,2.1176,0.0386,0.491,0.0386
hid128_aggmean_fan25-15_drop20_bs256,128,mean,25,15,0.2,256,4,2.1303,0.5004,2.279,0.0306,0.5004,0.0306
hid128_aggmean_fan25-15_drop20_bs256,128,mean,25,15,0.2,256,5,2.1281,0.5449,2.2488,0.0348,0.5449,0.0348
hid128_aggmean_fan25-15_drop20_bs256,128,mean,25,15,0.2,256,6,2.1109,0.5274,2.4776,0.0286,0.5274,0.0286
hid128_aggmean_fan25-15_drop20_bs256,128,mean,25,15,0.2,256,7,2.0987,0.5223,2.2864,0.0383,0.5223,0.0383
hid128_aggmean_fan25-15_drop20_bs256,128,mean,25,15,0.2,256,8,2.0931,0.4959,2.3579,0.0283,0.4959,0.0283
hid128_aggmean_fan25-15_drop20_bs256,128,mean,25,15,0.2,256,9,2.0973,0.5448,2.4054,0.0379,0.5448,0.0379
hid128_aggmean_fan25-15_drop20_bs256,128,mean,25,15,0.2,256,10,2.0808,0.5042,2.4038,0.0394,0.5042,0.0394
hid128_aggmean_fan25-15_drop20_bs256,128,mean,25,15,0.2,256,11,2.0733,0.4829,2.2604,0.0547,0.4829,0.0547
hid128_aggmean_fan25-15_drop20_bs256,128,mean,25,15,0.2,256,12,2.0792,0.4845,2.3736,0.0386,0.4845,0.0386
hid128_aggmean_fan25-15_drop20_bs256,128,mean,25,15,0.2,256,13,2.0628,0.5303,2.4249,0.0402,0.5303,0.0402
hid128_aggmean_fan25-15_drop20_bs256,128,mean,25,15,0.2,256,14,2.0701,0.5162,2.3656,0.0449,0.5162,0.0449
hid128_aggmean_fan25-15_drop20_bs256,128,mean,25,15,0.2,256,15,2.0473,0.512,2.3731,0.0483,0.512,0.0483
hid128_aggmean_fan25-15_drop20_bs256,128,mean,25,15,0.2,256,16,2.0551,0.495,2.3875,0.0418,0.495,0.0418
hid128_aggmean_fan25-15_drop20_bs256,128,mean,25,15,0.2,256,17,2.0467,0.486,2.3764,0.0454,0.486,0.0454
hid128_aggmean_fan25-15_drop20_bs256,128,mean,25,15,0.2,256,18,2.0382,0.4877,2.3004,0.0504,0.4877,0.0504
hid128_aggmean_fan25-15_drop20_bs256,128,mean,25,15,0.2,256,19,2.0356,0.4792,2.3552,0.0513,0.4792,0.0513
hid128_aggmean_fan25-15_drop20_bs256,128,mean,25,15,0.2,256,20,2.0358,0.4549,2.5261,0.0404,0.4549,0.0404
hid128_aggmean_fan25-15_drop20_bs256,128,mean,25,15,0.2,256,21,2.0191,0.4637,2.3802,0.0419,0.4637,0.0419
hid128_aggmean_fan25-15_drop20_bs256,128,mean,25,15,0.2,256,22,2.026,0.4696,2.454,0.041,0.4696,0.041
hid128_aggmean_fan25-15_drop20_bs256,128,mean,25,15,0.2,256,23,2.007,0.4327,2.2971,0.0491,0.4327,0.0491
hid128_aggmean_fan25-15_drop20_bs256,128,mean,25,15,0.2,256,24,2.0116,0.4752,2.5104,0.0385,0.4752,0.0385
hid128_aggmean_fan25-15_drop20_bs256,128,mean,25,15,0.2,256,25,2.0072,0.4224,2.5407,0.0388,0.4224,0.0388
hid128_aggmean_fan25-15_drop30_bs256,128,mean,25,15,0.3,256,1,2.2082,0.3312,2.019,0.2878,0.3312,0.2878
hid128_aggmean_fan25-15_drop30_bs256,128,mean,25,15,0.3,256,2,2.1833,0.3689,2.1488,0.034,0.3689,0.034
hid128_aggmean_fan25-15_drop30_bs256,128,mean,25,15,0.3,256,3,2.1491,0.3638,2.1293,0.0364,0.3638,0.0364
hid128_aggmean_fan25-15_drop30_bs256,128,mean,25,15,0.3,256,4,2.124,0.4524,2.1481,0.0427,0.4524,0.0427
hid128_aggmean_fan25-15_drop30_bs256,128,mean,25,15,0.3,256,5,2.1213,0.4676,2.2377,0.034,0.4676,0.034
hid128_aggmean_fan25-15_drop30_bs256,128,mean,25,15,0.3,256,6,2.1184,0.4702,2.5362,0.0295,0.4702,0.0295
hid128_aggmean_fan25-15_drop30_bs256,128,mean,25,15,0.3,256,7,2.108,0.4723,2.2891,0.0384,0.4723,0.0384
hid128_aggmean_fan25-15_drop30_bs256,128,mean,25,15,0.3,256,8,2.0931,0.4818,2.3885,0.0343,0.4818,0.0343
hid128_aggmean_fan25-15_drop30_bs256,128,mean,25,15,0.3,256,9,2.1101,0.4997,2.2748,0.042,0.4997,0.042
hid128_aggmean_fan25-15_drop30_bs256,128,mean,25,15,0.3,256,10,2.0877,0.4673,2.3746,0.0434,0.4673,0.0434
hid128_aggmean_fan25-15_drop30_bs256,128,mean,25,15,0.3,256,11,2.0819,0.4945,2.3462,0.0441,0.4945,0.0441
hid128_aggmean_fan25-15_drop30_bs256,128,mean,25,15,0.3,256,12,2.0694,0.5052,2.3882,0.0395,0.5052,0.0395
hid128_aggmean_fan25-15_drop30_bs256,128,mean,25,15,0.3,256,13,2.068,0.5159,2.2828,0.0434,0.5159,0.0434
hid128_aggmean_fan25-15_drop30_bs256,128,mean,25,15,0.3,256,14,2.065,0.4711,2.3551,0.0387,0.4711,0.0387
hid128_aggmean_fan25-15_drop30_bs256,128,mean,25,15,0.3,256,15,2.0588,0.4802,2.1727,0.0696,0.4802,0.0696
hid128_aggmean_fan25-15_drop30_bs256,128,mean,25,15,0.3,256,16,2.0659,0.4578,2.5783,0.0424,0.4578,0.0424
hid128_aggmean_fan25-15_drop30_bs256,128,mean,25,15,0.3,256,17,2.0553,0.4366,2.2791,0.0488,0.4366,0.0488
hid128_aggmean_fan25-15_drop30_bs256,128,mean,25,15,0.3,256,18,2.05,0.4859,2.2865,0.05,0.4859,0.05
hid128_aggmean_fan25-15_drop30_bs256,128,mean,25,15,0.3,256,19,2.0439,0.4291,2.4356,0.0398,0.4291,0.0398
hid128_aggmean_fan25-15_drop30_bs256,128,mean,25,15,0.3,256,20,2.0283,0.4584,2.3687,0.0461,0.4584,0.0461
hid128_aggmean_fan25-15_drop30_bs256,128,mean,25,15,0.3,256,21,2.0212,0.449,2.3899,0.0447,0.449,0.0447
hid128_aggmean_fan25-15_drop30_bs256,128,mean,25,15,0.3,256,22,2.0203,0.426,2.4588,0.0402,0.426,0.0402
hid128_aggmean_fan25-15_drop30_bs256,128,mean,25,15,0.3,256,23,2.0216,0.4245,2.3538,0.0481,0.4245,0.0481
hid128_aggmean_fan25-15_drop30_bs256,128,mean,25,15,0.3,256,24,2.0148,0.4179,2.3431,0.0424,0.4179,0.0424
hid128_aggmean_fan25-15_drop30_bs256,128,mean,25,15,0.3,256,25,2.018,0.4415,2.3943,0.0422,0.4415,0.0422
hid128_aggmean_fan25-15_drop40_bs256,128,mean,25,15,0.4,256,1,2.2238,0.433,1.9832,0.0617,0.433,0.0617
hid128_aggmean_fan25-15_drop40_bs256,128,mean,25,15,0.4,256,2,2.1945,0.3919,1.9669,0.0281,0.3919,0.0281
hid128_aggmean_fan25-15_drop40_bs256,128,mean,25,15,0.4,256,3,2.1862,0.4281,2.0904,0.0425,0.4281,0.0425
hid128_aggmean_fan25-15_drop40_bs256,128,mean,25,15,0.4,256,4,2.1524,0.4201,2.0123,0.0719,0.4201,0.0719
hid128_aggmean_fan25-15_drop40_bs256,128,mean,25,15,0.4,256,5,2.1369,0.4425,2.2003,0.0384,0.4425,0.0384
hid128_aggmean_fan25-15_drop40_bs256,128,mean,25,15,0.4,256,6,2.121,0.4839,2.1988,0.05,0.4839,0.05
hid128_aggmean_fan25-15_drop40_bs256,128,mean,25,15,0.4,256,7,2.1177,0.4742,2.2257,0.038,0.4742,0.038
hid128_aggmean_fan25-15_drop40_bs256,128,mean,25,15,0.4,256,8,2.1173,0.4707,2.2598,0.0371,0.4707,0.0371
hid128_aggmean_fan25-15_drop40_bs256,128,mean,25,15,0.4,256,9,2.1118,0.4617,2.2632,0.0375,0.4617,0.0375
hid128_aggmean_fan25-15_drop40_bs256,128,mean,25,15,0.4,256,10,2.1069,0.5128,2.2652,0.0386,0.5128,0.0386
hid128_aggmean_fan25-15_drop40_bs256,128,mean,25,15,0.4,256,11,2.0958,0.497,2.4166,0.0341,0.497,0.0341
hid128_aggmean_fan25-15_drop40_bs256,128,mean,25,15,0.4,256,12,2.0852,0.5186,2.4156,0.0358,0.5186,0.0358
hid128_aggmean_fan25-15_drop40_bs256,128,mean,25,15,0.4,256,13,2.0908,0.4812,2.3792,0.0354,0.4812,0.0354
hid128_aggmean_fan25-15_drop40_bs256,128,mean,25,15,0.4,256,14,2.0895,0.4675,2.3416,0.0383,0.4675,0.0383
hid128_aggmean_fan25-15_drop40_bs256,128,mean,25,15,0.4,256,15,2.0793,0.4826,2.242,0.0474,0.4826,0.0474
hid128_aggmean_fan25-15_drop40_bs256,128,mean,25,15,0.4,256,16,2.0798,0.4422,2.369,0.037,0.4422,0.037
hid128_aggmean_fan25-15_drop40_bs256,128,mean,25,15,0.4,256,17,2.0769,0.4859,2.4063,0.0393,0.4859,0.0393
hid128_aggmean_fan25-15_drop40_bs256,128,mean,25,15,0.4,256,18,2.0705,0.486,2.3589,0.043,0.486,0.043
hid128_aggmean_fan25-15_drop40_bs256,128,mean,25,15,0.4,256,19,2.0663,0.4235,2.3834,0.0371,0.4235,0.0371
hid128_aggmean_fan25-15_drop40_bs256,128,mean,25,15,0.4,256,20,2.0681,0.4841,2.3148,0.0404,0.4841,0.0404
hid128_aggmean_fan25-15_drop40_bs256,128,mean,25,15,0.4,256,21,2.0567,0.4904,2.3385,0.0395,0.4904,0.0395
hid128_aggmean_fan25-15_drop40_bs256,128,mean,25,15,0.4,256,22,2.0642,0.4438,2.2949,0.0468,0.4438,0.0468
hid128_aggmean_fan25-15_drop40_bs256,128,mean,25,15,0.4,256,23,2.0539,0.4503,2.3443,0.042,0.4503,0.042
hid128_aggmean_fan25-15_drop40_bs256,128,mean,25,15,0.4,256,24,2.0426,0.4335,2.3006,0.0421,0.4335,0.0421
hid128_aggmean_fan25-15_drop40_bs256,128,mean,25,15,0.4,256,25,2.0512,0.4776,2.3999,0.0397,0.4776,0.0397
hid128_aggmean_fan15-10_drop20_bs512,128,mean,15,10,0.2,512,1,2.2474,0.2418,2.1371,0.0265,0.2418,0.0265
hid128_aggmean_fan15-10_drop20_bs512,128,mean,15,10,0.2,512,2,2.2183,0.2508,2.0006,0.0303,0.2508,0.0303
hid128_aggmean_fan15-10_drop20_bs512,128,mean,15,10,0.2,512,3,2.2013,0.2835,2.3519,0.023,0.2835,0.023
hid128_aggmean_fan15-10_drop20_bs512,128,mean,15,10,0.2,512,4,2.1833,0.2301,2.1434,0.0318,0.2301,0.0318
hid128_aggmean_fan15-10_drop20_bs512,128,mean,15,10,0.2,512,5,2.1669,0.3148,2.2932,0.0296,0.3148,0.0296
hid128_aggmean_fan15-10_drop20_bs512,128,mean,15,10,0.2,512,6,2.152,0.3248,2.2775,0.0332,0.3248,0.0332
hid128_aggmean_fan15-10_drop20_bs512,128,mean,15,10,0.2,512,7,2.1429,0.3915,2.3719,0.0353,0.3915,0.0353
hid128_aggmean_fan15-10_drop20_bs512,128,mean,15,10,0.2,512,8,2.132,0.3725,2.5212,0.0335,0.3725,0.0335
hid128_aggmean_fan15-10_drop20_bs512,128,mean,15,10,0.2,512,9,2.1252,0.3119,2.4672,0.0327,0.3119,0.0327
hid128_aggmean_fan15-10_drop20_bs512,128,mean,15,10,0.2,512,10,2.1212,0.3528,2.4141,0.0334,0.3528,0.0334
hid128_aggmean_fan15-10_drop20_bs512,128,mean,15,10,0.2,512,11,2.1081,0.3906,2.4177,0.0357,0.3906,0.0357
hid128_aggmean_fan15-10_drop20_bs512,128,mean,15,10,0.2,512,12,2.1058,0.4216,2.5082,0.0353,0.4216,0.0353
hid128_aggmean_fan15-10_drop20_bs512,128,mean,15,10,0.2,512,13,2.1028,0.3564,2.5234,0.0329,0.3564,0.0329
hid128_aggmean_fan15-10_drop20_bs512,128,mean,15,10,0.2,512,14,2.0906,0.3874,2.563,0.0335,0.3874,0.0335
hid128_aggmean_fan15-10_drop20_bs512,128,mean,15,10,0.2,512,15,2.0961,0.3598,2.5358,0.0354,0.3598,0.0354
hid128_aggmean_fan15-10_drop20_bs512,128,mean,15,10,0.2,512,16,2.0782,0.3581,2.4326,0.037,0.3581,0.037
hid128_aggmean_fan15-10_drop20_bs512,128,mean,15,10,0.2,512,17,2.0914,0.354,2.4819,0.0355,0.354,0.0355
hid128_aggmean_fan15-10_drop20_bs512,128,mean,15,10,0.2,512,18,2.0808,0.3736,2.4946,0.0378,0.3736,0.0378
hid128_aggmean_fan15-10_drop20_bs512,128,mean,15,10,0.2,512,19,2.0793,0.3736,2.5296,0.0353,0.3736,0.0353
hid128_aggmean_fan15-10_drop20_bs512,128,mean,15,10,0.2,512,20,2.0622,0.3319,2.443,0.0381,0.3319,0.0381
hid128_aggmean_fan15-10_drop20_bs512,128,mean,15,10,0.2,512,21,2.0636,0.3288,2.4674,0.0357,0.3288,0.0357
hid128_aggmean_fan15-10_drop20_bs512,128,mean,15,10,0.2,512,22,2.0446,0.3505,2.4955,0.0339,0.3505,0.0339
hid128_aggmean_fan15-10_drop20_bs512,128,mean,15,10,0.2,512,23,2.0526,0.3653,2.5806,0.0358,0.3653,0.0358
hid128_aggmean_fan15-10_drop20_bs512,128,mean,15,10,0.2,512,24,2.0431,0.3265,2.6186,0.0303,0.3265,0.0303
hid128_aggmean_fan15-10_drop20_bs512,128,mean,15,10,0.2,512,25,2.0355,0.3019,2.4838,0.0375,0.3019,0.0375
hid128_aggmean_fan15-10_drop30_bs512,128,mean,15,10,0.3,512,1,2.2543,0.1658,2.0509,0.2038,0.1658,0.2038
hid128_aggmean_fan15-10_drop30_bs512,128,mean,15,10,0.3,512,2,2.2373,0.2019,2.0931,0.0271,0.2019,0.0271
hid128_aggmean_fan15-10_drop30_bs512,128,mean,15,10,0.3,512,3,2.2075,0.2622,2.2186,0.0311,0.2622,0.0311
hid128_aggmean_fan15-10_drop30_bs512,128,mean,15,10,0.3,512,4,2.1911,0.2891,2.2425,0.0256,0.2891,0.0256
hid128_aggmean_fan15-10_drop30_bs512,128,mean,15,10,0.3,512,5,2.174,0.2711,2.2762,0.0341,0.2711,0.0341
hid128_aggmean_fan15-10_drop30_bs512,128,mean,15,10,0.3,512,6,2.1684,0.2704,2.2909,0.0347,0.2704,0.0347
hid128_aggmean_fan15-10_drop30_bs512,128,mean,15,10,0.3,512,7,2.1596,0.3561,2.4078,0.0268,0.3561,0.0268
hid128_aggmean_fan15-10_drop30_bs512,128,mean,15,10,0.3,512,8,2.1486,0.2917,2.4214,0.0333,0.2917,0.0333
hid128_aggmean_fan15-10_drop30_bs512,128,mean,15,10,0.3,512,9,2.1381,0.3271,2.3444,0.0306,0.3271,0.0306
hid128_aggmean_fan15-10_drop30_bs512,128,mean,15,10,0.3,512,10,2.1408,0.3559,2.354,0.0369,0.3559,0.0369
hid128_aggmean_fan15-10_drop30_bs512,128,mean,15,10,0.3,512,11,2.1197,0.3704,2.5011,0.0361,0.3704,0.0361
hid128_aggmean_fan15-10_drop30_bs512,128,mean,15,10,0.3,512,12,2.1228,0.3745,2.4125,0.0375,0.3745,0.0375
hid128_aggmean_fan15-10_drop30_bs512,128,mean,15,10,0.3,512,13,2.1095,0.3597,2.374,0.0388,0.3597,0.0388
hid128_aggmean_fan15-10_drop30_bs512,128,mean,15,10,0.3,512,14,2.1157,0.3985,2.5418,0.0363,0.3985,0.0363
hid128_aggmean_fan15-10_drop30_bs512,128,mean,15,10,0.3,512,15,2.1036,0.3928,2.5638,0.0362,0.3928,0.0362
hid128_aggmean_fan15-10_drop30_bs512,128,mean,15,10,0.3,512,16,2.1146,0.3532,2.5287,0.0307,0.3532,0.0307
hid128_aggmean_fan15-10_drop30_bs512,128,mean,15,10,0.3,512,17,2.0981,0.3676,2.5004,0.0383,0.3676,0.0383
hid128_aggmean_fan15-10_drop30_bs512,128,mean,15,10,0.3,512,18,2.086,0.3508,2.5693,0.0363,0.3508,0.0363
hid128_aggmean_fan15-10_drop30_bs512,128,mean,15,10,0.3,512,19,2.0874,0.3311,2.513,0.0388,0.3311,0.0388
hid128_aggmean_fan15-10_drop30_bs512,128,mean,15,10,0.3,512,20,2.1019,0.363,2.5433,0.0363,0.363,0.0363
hid128_aggmean_fan15-10_drop30_bs512,128,mean,15,10,0.3,512,21,2.0794,0.4238,2.5128,0.038,0.4238,0.038
hid128_aggmean_fan15-10_drop30_bs512,128,mean,15,10,0.3,512,22,2.0737,0.3661,2.3396,0.0415,0.3661,0.0415
hid128_aggmean_fan15-10_drop30_bs512,128,mean,15,10,0.3,512,23,2.0714,0.3398,2.4162,0.0414,0.3398,0.0414
hid128_aggmean_fan15-10_drop30_bs512,128,mean,15,10,0.3,512,24,2.0721,0.3396,2.5083,0.0378,0.3396,0.0378
hid128_aggmean_fan15-10_drop30_bs512,128,mean,15,10,0.3,512,25,2.0632,0.3578,2.5028,0.0361,0.3578,0.0361
hid128_aggmean_fan15-10_drop40_bs512,128,mean,15,10,0.4,512,1,2.2648,0.3534,2.198,0.0232,0.3534,0.0232
hid128_aggmean_fan15-10_drop40_bs512,128,mean,15,10,0.4,512,2,2.2381,0.2749,2.161,0.0446,0.2749,0.0446
hid128_aggmean_fan15-10_drop40_bs512,128,mean,15,10,0.4,512,3,2.2138,0.3014,2.0953,0.0509,0.3014,0.0509
hid128_aggmean_fan15-10_drop40_bs512,128,mean,15,10,0.4,512,4,2.1996,0.2726,2.3251,0.0233,0.2726,0.0233
hid128_aggmean_fan15-10_drop40_bs512,128,mean,15,10,0.4,512,5,2.2003,0.3266,2.2878,0.0301,0.3266,0.0301
hid128_aggmean_fan15-10_drop40_bs512,128,mean,15,10,0.4,512,6,2.1807,0.2704,2.1404,0.0472,0.2704,0.0472
hid128_aggmean_fan15-10_drop40_bs512,128,mean,15,10,0.4,512,7,2.1695,0.3396,2.3628,0.0284,0.3396,0.0284
hid128_aggmean_fan15-10_drop40_bs512,128,mean,15,10,0.4,512,8,2.1672,0.3055,2.2748,0.0375,0.3055,0.0375
hid128_aggmean_fan15-10_drop40_bs512,128,mean,15,10,0.4,512,9,2.147,0.328,2.3009,0.0329,0.328,0.0329
hid128_aggmean_fan15-10_drop40_bs512,128,mean,15,10,0.4,512,10,2.1509,0.3318,2.3013,0.0374,0.3318,0.0374
hid128_aggmean_fan15-10_drop40_bs512,128,mean,15,10,0.4,512,11,2.1343,0.3827,2.4459,0.0321,0.3827,0.0321
hid128_aggmean_fan15-10_drop40_bs512,128,mean,15,10,0.4,512,12,2.1332,0.3358,2.4881,0.0335,0.3358,0.0335
hid128_aggmean_fan15-10_drop40_bs512,128,mean,15,10,0.4,512,13,2.1263,0.3464,2.3344,0.0352,0.3464,0.0352
hid128_aggmean_fan15-10_drop40_bs512,128,mean,15,10,0.4,512,14,2.1165,0.3161,2.4232,0.0348,0.3161,0.0348
hid128_aggmean_fan15-10_drop40_bs512,128,mean,15,10,0.4,512,15,2.1097,0.3373,2.4813,0.031,0.3373,0.031
hid128_aggmean_fan15-10_drop40_bs512,128,mean,15,10,0.4,512,16,2.1094,0.336,2.5039,0.0364,0.336,0.0364
hid128_aggmean_fan15-10_drop40_bs512,128,mean,15,10,0.4,512,17,2.11,0.3441,2.2732,0.0447,0.3441,0.0447
hid128_aggmean_fan15-10_drop40_bs512,128,mean,15,10,0.4,512,18,2.0994,0.3758,2.4973,0.0338,0.3758,0.0338
hid128_aggmean_fan15-10_drop40_bs512,128,mean,15,10,0.4,512,19,2.0973,0.3472,2.4753,0.0375,0.3472,0.0375
hid128_aggmean_fan15-10_drop40_bs512,128,mean,15,10,0.4,512,20,2.1051,0.4083,2.4493,0.0369,0.4083,0.0369
hid128_aggmean_fan15-10_drop40_bs512,128,mean,15,10,0.4,512,21,2.089,0.3987,2.3421,0.0432,0.3987,0.0432
hid128_aggmean_fan15-10_drop40_bs512,128,mean,15,10,0.4,512,22,2.0782,0.3492,2.4534,0.0352,0.3492,0.0352
hid128_aggmean_fan15-10_drop40_bs512,128,mean,15,10,0.4,512,23,2.0824,0.3308,2.5368,0.0333,0.3308,0.0333
hid128_aggmean_fan15-10_drop40_bs512,128,mean,15,10,0.4,512,24,2.0801,0.3498,2.4229,0.0392,0.3498,0.0392
hid128_aggmean_fan15-10_drop40_bs512,128,mean,15,10,0.4,512,25,2.0738,0.3114,2.2741,0.0415,0.3114,0.0415
hid128_aggmean_fan25-15_drop20_bs512,128,mean,25,15,0.2,512,1,2.2469,0.159,2.0403,0.0348,0.159,0.0348
hid128_aggmean_fan25-15_drop20_bs512,128,mean,25,15,0.2,512,2,2.2246,0.2114,2.1786,0.0171,0.2114,0.0171
hid128_aggmean_fan25-15_drop20_bs512,128,mean,25,15,0.2,512,3,2.1953,0.2269,2.2686,0.0316,0.2269,0.0316
hid128_aggmean_fan25-15_drop20_bs512,128,mean,25,15,0.2,512,4,2.1871,0.2604,2.2371,0.0361,0.2604,0.0361
hid128_aggmean_fan25-15_drop20_bs512,128,mean,25,15,0.2,512,5,2.1651,0.3133,2.3459,0.0355,0.3133,0.0355
hid128_aggmean_fan25-15_drop20_bs512,128,mean,25,15,0.2,512,6,2.1582,0.3198,2.3421,0.0355,0.3198,0.0355
hid128_aggmean_fan25-15_drop20_bs512,128,mean,25,15,0.2,512,7,2.1508,0.3691,2.4784,0.0324,0.3691,0.0324
hid128_aggmean_fan25-15_drop20_bs512,128,mean,25,15,0.2,512,8,2.1238,0.357,2.4542,0.0332,0.357,0.0332
hid128_aggmean_fan25-15_drop20_bs512,128,mean,25,15,0.2,512,9,2.1272,0.3491,2.5364,0.0354,0.3491,0.0354
hid128_aggmean_fan25-15_drop20_bs512,128,mean,25,15,0.2,512,10,2.1244,0.3987,2.5721,0.0334,0.3987,0.0334
hid128_aggmean_fan25-15_drop20_bs512,128,mean,25,15,0.2,512,11,2.1206,0.3596,2.4135,0.0363,0.3596,0.0363
hid128_aggmean_fan25-15_drop20_bs512,128,mean,25,15,0.2,512,12,2.1062,0.3434,2.4633,0.0358,0.3434,0.0358
hid128_aggmean_fan25-15_drop20_bs512,128,mean,25,15,0.2,512,13,2.1058,0.3842,2.4658,0.0315,0.3842,0.0315
hid128_aggmean_fan25-15_drop20_bs512,128,mean,25,15,0.2,512,14,2.0935,0.3935,2.4565,0.036,0.3935,0.036
hid128_aggmean_fan25-15_drop20_bs512,128,mean,25,15,0.2,512,15,2.09,0.3754,2.5801,0.0337,0.3754,0.0337
hid128_aggmean_fan25-15_drop20_bs512,128,mean,25,15,0.2,512,16,2.0867,0.391,2.4242,0.0364,0.391,0.0364
hid128_aggmean_fan25-15_drop20_bs512,128,mean,25,15,0.2,512,17,2.0777,0.363,2.6326,0.0329,0.363,0.0329
hid128_aggmean_fan25-15_drop20_bs512,128,mean,25,15,0.2,512,18,2.0763,0.3487,2.5268,0.0382,0.3487,0.0382
hid128_aggmean_fan25-15_drop20_bs512,128,mean,25,15,0.2,512,19,2.0709,0.386,2.4263,0.0392,0.386,0.0392
hid128_aggmean_fan25-15_drop20_bs512,128,mean,25,15,0.2,512,20,2.0698,0.3389,2.5601,0.0335,0.3389,0.0335
hid128_aggmean_fan25-15_drop20_bs512,128,mean,25,15,0.2,512,21,2.0619,0.3406,2.6058,0.0341,0.3406,0.0341
hid128_aggmean_fan25-15_drop20_bs512,128,mean,25,15,0.2,512,22,2.0662,0.3307,2.3922,0.0424,0.3307,0.0424
hid128_aggmean_fan25-15_drop20_bs512,128,mean,25,15,0.2,512,23,2.0598,0.3264,2.7166,0.033,0.3264,0.033
hid128_aggmean_fan25-15_drop20_bs512,128,mean,25,15,0.2,512,24,2.0517,0.3497,2.4956,0.0357,0.3497,0.0357
hid128_aggmean_fan25-15_drop20_bs512,128,mean,25,15,0.2,512,25,2.0434,0.319,2.5117,0.0367,0.319,0.0367
hid128_aggmean_fan25-15_drop30_bs512,128,mean,25,15,0.3,512,1,2.2542,0.2523,2.1378,0.0904,0.2523,0.0904
hid128_aggmean_fan25-15_drop30_bs512,128,mean,25,15,0.3,512,2,2.2295,0.2143,2.2354,0.0326,0.2143,0.0326
hid128_aggmean_fan25-15_drop30_bs512,128,mean,25,15,0.3,512,3,2.208,0.2541,2.1462,0.0566,0.2541,0.0566
hid128_aggmean_fan25-15_drop30_bs512,128,mean,25,15,0.3,512,4,2.2009,0.3126,2.2537,0.0398,0.3126,0.0398
hid128_aggmean_fan25-15_drop30_bs512,128,mean,25,15,0.3,512,5,2.1791,0.3125,2.3978,0.0379,0.3125,0.0379
hid128_aggmean_fan25-15_drop30_bs512,128,mean,25,15,0.3,512,6,2.1572,0.307,2.2954,0.0416,0.307,0.0416
hid128_aggmean_fan25-15_drop30_bs512,128,mean,25,15,0.3,512,7,2.1626,0.3622,2.392,0.0379,0.3622,0.0379
hid128_aggmean_fan25-15_drop30_bs512,128,mean,25,15,0.3,512,8,2.1467,0.3787,2.4455,0.0328,0.3787,0.0328
hid128_aggmean_fan25-15_drop30_bs512,128,mean,25,15,0.3,512,9,2.1379,0.3798,2.3994,0.0362,0.3798,0.0362
hid128_aggmean_fan25-15_drop30_bs512,128,mean,25,15,0.3,512,10,2.1269,0.4052,2.517,0.0334,0.4052,0.0334
hid128_aggmean_fan25-15_drop30_bs512,128,mean,25,15,0.3,512,11,2.1145,0.3783,2.4684,0.0358,0.3783,0.0358
hid128_aggmean_fan25-15_drop30_bs512,128,mean,25,15,0.3,512,12,2.1173,0.378,2.5016,0.0357,0.378,0.0357
hid128_aggmean_fan25-15_drop30_bs512,128,mean,25,15,0.3,512,13,2.1134,0.3398,2.4252,0.0329,0.3398,0.0329
hid128_aggmean_fan25-15_drop30_bs512,128,mean,25,15,0.3,512,14,2.112,0.3546,2.4145,0.0349,0.3546,0.0349
hid128_aggmean_fan25-15_drop30_bs512,128,mean,25,15,0.3,512,15,2.0979,0.3559,2.5561,0.0324,0.3559,0.0324
hid128_aggmean_fan25-15_drop30_bs512,128,mean,25,15,0.3,512,16,2.1059,0.3513,2.4932,0.0363,0.3513,0.0363
hid128_aggmean_fan25-15_drop30_bs512,128,mean,25,15,0.3,512,17,2.0845,0.374,2.535,0.0372,0.374,0.0372
hid128_aggmean_fan25-15_drop30_bs512,128,mean,25,15,0.3,512,18,2.0768,0.3503,2.469,0.035,0.3503,0.035
hid128_aggmean_fan25-15_drop30_bs512,128,mean,25,15,0.3,512,19,2.0927,0.357,2.4036,0.04,0.357,0.04
hid128_aggmean_fan25-15_drop30_bs512,128,mean,25,15,0.3,512,20,2.0762,0.3467,2.4613,0.0347,0.3467,0.0347
hid128_aggmean_fan25-15_drop30_bs512,128,mean,25,15,0.3,512,21,2.069,0.3286,2.5544,0.0316,0.3286,0.0316
hid128_aggmean_fan25-15_drop30_bs512,128,mean,25,15,0.3,512,22,2.0708,0.3378,2.5146,0.0368,0.3378,0.0368
hid128_aggmean_fan25-15_drop30_bs512,128,mean,25,15,0.3,512,23,2.0731,0.2977,2.5948,0.035,0.2977,0.035
hid128_aggmean_fan25-15_drop30_bs512,128,mean,25,15,0.3,512,24,2.0762,0.3651,2.5601,0.0368,0.3651,0.0368
hid128_aggmean_fan25-15_drop30_bs512,128,mean,25,15,0.3,512,25,2.0635,0.3107,2.5402,0.0382,0.3107,0.0382
hid128_aggmean_fan25-15_drop40_bs512,128,mean,25,15,0.4,512,1,2.2637,0.265,2.0875,0.0778,0.265,0.0778
hid128_aggmean_fan25-15_drop40_bs512,128,mean,25,15,0.4,512,2,2.2438,0.1958,2.1255,0.054,0.1958,0.054
hid128_aggmean_fan25-15_drop40_bs512,128,mean,25,15,0.4,512,3,2.2234,0.1823,2.1705,0.0172,0.1823,0.0172
hid128_aggmean_fan25-15_drop40_bs512,128,mean,25,15,0.4,512,4,2.1993,0.2284,2.16,0.0302,0.2284,0.0302
hid128_aggmean_fan25-15_drop40_bs512,128,mean,25,15,0.4,512,5,2.1929,0.2742,2.1837,0.0332,0.2742,0.0332
hid128_aggmean_fan25-15_drop40_bs512,128,mean,25,15,0.4,512,6,2.178,0.3057,2.3573,0.0299,0.3057,0.0299
hid128_aggmean_fan25-15_drop40_bs512,128,mean,25,15,0.4,512,7,2.1711,0.3333,2.3,0.0314,0.3333,0.0314
hid128_aggmean_fan25-15_drop40_bs512,128,mean,25,15,0.4,512,8,2.1616,0.3658,2.5414,0.0273,0.3658,0.0273
hid128_aggmean_fan25-15_drop40_bs512,128,mean,25,15,0.4,512,9,2.1502,0.3685,2.3611,0.0346,0.3685,0.0346
hid128_aggmean_fan25-15_drop40_bs512,128,mean,25,15,0.4,512,10,2.1482,0.3072,2.4312,0.0312,0.3072,0.0312
hid128_aggmean_fan25-15_drop40_bs512,128,mean,25,15,0.4,512,11,2.1389,0.3425,2.6461,0.0318,0.3425,0.0318
hid128_aggmean_fan25-15_drop40_bs512,128,mean,25,15,0.4,512,12,2.1387,0.2989,2.3934,0.0343,0.2989,0.0343
hid128_aggmean_fan25-15_drop40_bs512,128,mean,25,15,0.4,512,13,2.1326,0.3786,2.5159,0.0333,0.3786,0.0333
hid128_aggmean_fan25-15_drop40_bs512,128,mean,25,15,0.4,512,14,2.1225,0.3282,2.4748,0.0328,0.3282,0.0328
hid128_aggmean_fan25-15_drop40_bs512,128,mean,25,15,0.4,512,15,2.1195,0.3386,2.4811,0.0352,0.3386,0.0352
hid128_aggmean_fan25-15_drop40_bs512,128,mean,25,15,0.4,512,16,2.1184,0.3371,2.4328,0.0329,0.3371,0.0329
hid128_aggmean_fan25-15_drop40_bs512,128,mean,25,15,0.4,512,17,2.1148,0.3545,2.4823,0.0352,0.3545,0.0352
hid128_aggmean_fan25-15_drop40_bs512,128,mean,25,15,0.4,512,18,2.1122,0.3573,2.4673,0.0294,0.3573,0.0294
hid128_aggmean_fan25-15_drop40_bs512,128,mean,25,15,0.4,512,19,2.1009,0.359,2.4399,0.0392,0.359,0.0392
hid128_aggmean_fan25-15_drop40_bs512,128,mean,25,15,0.4,512,20,2.099,0.3491,2.3947,0.0395,0.3491,0.0395
hid128_aggmean_fan25-15_drop40_bs512,128,mean,25,15,0.4,512,21,2.093,0.3726,2.4822,0.0351,0.3726,0.0351
hid128_aggmean_fan25-15_drop40_bs512,128,mean,25,15,0.4,512,22,2.0992,0.325,2.6021,0.034,0.325,0.034
hid128_aggmean_fan25-15_drop40_bs512,128,mean,25,15,0.4,512,23,2.0871,0.355,2.4647,0.0409,0.355,0.0409
hid128_aggmean_fan25-15_drop40_bs512,128,mean,25,15,0.4,512,24,2.0816,0.3453,2.4049,0.041,0.3453,0.041
hid128_aggmean_fan25-15_drop40_bs512,128,mean,25,15,0.4,512,25,2.1008,0.386,2.4249,0.0395,0.386,0.0395
hid128_aggmean_fan15-10_drop20_bs1024,128,mean,15,10,0.2,1024,1,2.2832,0.2025,2.1753,0.0215,0.2025,0.0215
hid128_aggmean_fan15-10_drop20_bs1024,128,mean,15,10,0.2,1024,2,2.2438,0.1648,2.285,0.023,0.1648,0.023
hid128_aggmean_fan15-10_drop20_bs1024,128,mean,15,10,0.2,1024,3,2.2308,0.1801,2.2204,0.028,0.1801,0.028
hid128_aggmean_fan15-10_drop20_bs1024,128,mean,15,10,0.2,1024,4,2.2185,0.1771,2.2389,0.0617,0.1771,0.0617
hid128_aggmean_fan15-10_drop20_bs1024,128,mean,15,10,0.2,1024,5,2.2052,0.2343,2.3988,0.0326,0.2343,0.0326
hid128_aggmean_fan15-10_drop20_bs1024,128,mean,15,10,0.2,1024,6,2.1877,0.2579,2.4285,0.0289,0.2579,0.0289
hid128_aggmean_fan15-10_drop20_bs1024,128,mean,15,10,0.2,1024,7,2.1742,0.2528,2.4559,0.0311,0.2528,0.0311
hid128_aggmean_fan15-10_drop20_bs1024,128,mean,15,10,0.2,1024,8,2.1623,0.343,2.6548,0.0319,0.343,0.0319
hid128_aggmean_fan15-10_drop20_bs1024,128,mean,15,10,0.2,1024,9,2.1563,0.2876,2.5228,0.0282,0.2876,0.0282
hid128_aggmean_fan15-10_drop20_bs1024,128,mean,15,10,0.2,1024,10,2.1427,0.3186,2.6335,0.0302,0.3186,0.0302
hid128_aggmean_fan15-10_drop20_bs1024,128,mean,15,10,0.2,1024,11,2.1408,0.3308,2.6114,0.033,0.3308,0.033
hid128_aggmean_fan15-10_drop20_bs1024,128,mean,15,10,0.2,1024,12,2.1214,0.2747,2.4728,0.0329,0.2747,0.0329
hid128_aggmean_fan15-10_drop20_bs1024,128,mean,15,10,0.2,1024,13,2.1281,0.3243,2.4943,0.0302,0.3243,0.0302
hid128_aggmean_fan15-10_drop20_bs1024,128,mean,15,10,0.2,1024,14,2.1285,0.2993,2.747,0.0333,0.2993,0.0333
hid128_aggmean_fan15-10_drop20_bs1024,128,mean,15,10,0.2,1024,15,2.1096,0.3081,2.5915,0.0314,0.3081,0.0314
hid128_aggmean_fan15-10_drop20_bs1024,128,mean,15,10,0.2,1024,16,2.0989,0.29,2.3804,0.0354,0.29,0.0354
hid128_aggmean_fan15-10_drop20_bs1024,128,mean,15,10,0.2,1024,17,2.1059,0.329,2.5892,0.0286,0.329,0.0286
hid128_aggmean_fan15-10_drop20_bs1024,128,mean,15,10,0.2,1024,18,2.1058,0.2755,2.5799,0.0272,0.2755,0.0272
hid128_aggmean_fan15-10_drop20_bs1024,128,mean,15,10,0.2,1024,19,2.0776,0.3286,2.5792,0.032,0.3286,0.032
hid128_aggmean_fan15-10_drop20_bs1024,128,mean,15,10,0.2,1024,20,2.0865,0.3449,2.6137,0.0357,0.3449,0.0357
hid128_aggmean_fan15-10_drop20_bs1024,128,mean,15,10,0.2,1024,21,2.0814,0.3001,2.644,0.0286,0.3001,0.0286
hid128_aggmean_fan15-10_drop20_bs1024,128,mean,15,10,0.2,1024,22,2.0864,0.3288,2.6756,0.025,0.3288,0.025
hid128_aggmean_fan15-10_drop20_bs1024,128,mean,15,10,0.2,1024,23,2.0706,0.2934,2.7038,0.0219,0.2934,0.0219
hid128_aggmean_fan15-10_drop20_bs1024,128,mean,15,10,0.2,1024,24,2.0661,0.2807,2.598,0.0306,0.2807,0.0306
hid128_aggmean_fan15-10_drop20_bs1024,128,mean,15,10,0.2,1024,25,2.0689,0.2768,2.6461,0.0298,0.2768,0.0298
hid128_aggmean_fan15-10_drop30_bs1024,128,mean,15,10,0.3,1024,1,2.2885,0.1242,2.4012,0.0174,0.1242,0.0174
hid128_aggmean_fan15-10_drop30_bs1024,128,mean,15,10,0.3,1024,2,2.2576,0.1638,2.0853,0.0672,0.1638,0.0672
hid128_aggmean_fan15-10_drop30_bs1024,128,mean,15,10,0.3,1024,3,2.2601,0.1728,2.1834,0.0375,0.1728,0.0375
hid128_aggmean_fan15-10_drop30_bs1024,128,mean,15,10,0.3,1024,4,2.2345,0.1545,2.2058,0.0357,0.1545,0.0357
hid128_aggmean_fan15-10_drop30_bs1024,128,mean,15,10,0.3,1024,5,2.216,0.1806,2.3298,0.019,0.1806,0.019
hid128_aggmean_fan15-10_drop30_bs1024,128,mean,15,10,0.3,1024,6,2.2097,0.1899,2.2916,0.0323,0.1899,0.0323
hid128_aggmean_fan15-10_drop30_bs1024,128,mean,15,10,0.3,1024,7,2.187,0.207,2.2768,0.0284,0.207,0.0284
hid128_aggmean_fan15-10_drop30_bs1024,128,mean,15,10,0.3,1024,8,2.1845,0.2323,2.4348,0.0225,0.2323,0.0225
hid128_aggmean_fan15-10_drop30_bs1024,128,mean,15,10,0.3,1024,9,2.1662,0.2061,2.4008,0.0329,0.2061,0.0329
hid128_aggmean_fan15-10_drop30_bs1024,128,mean,15,10,0.3,1024,10,2.1569,0.2276,2.3867,0.0294,0.2276,0.0294
hid128_aggmean_fan15-10_drop30_bs1024,128,mean,15,10,0.3,1024,11,2.157,0.2964,2.4907,0.0361,0.2964,0.0361
hid128_aggmean_fan15-10_drop30_bs1024,128,mean,15,10,0.3,1024,12,2.1422,0.2688,2.5286,0.029,0.2688,0.029
hid128_aggmean_fan15-10_drop30_bs1024,128,mean,15,10,0.3,1024,13,2.1359,0.2797,2.4685,0.0328,0.2797,0.0328
hid128_aggmean_fan15-10_drop30_bs1024,128,mean,15,10,0.3,1024,14,2.1266,0.2438,2.5632,0.0328,0.2438,0.0328
hid128_aggmean_fan15-10_drop30_bs1024,128,mean,15,10,0.3,1024,15,2.1301,0.2878,2.5083,0.0333,0.2878,0.0333
hid128_aggmean_fan15-10_drop30_bs1024,128,mean,15,10,0.3,1024,16,2.1154,0.3071,2.6028,0.0255,0.3071,0.0255
hid128_aggmean_fan15-10_drop30_bs1024,128,mean,15,10,0.3,1024,17,2.1223,0.2807,2.6426,0.0313,0.2807,0.0313
hid128_aggmean_fan15-10_drop30_bs1024,128,mean,15,10,0.3,1024,18,2.1205,0.2911,2.5798,0.0211,0.2911,0.0211
hid128_aggmean_fan15-10_drop30_bs1024,128,mean,15,10,0.3,1024,19,2.1067,0.3038,2.6266,0.0288,0.3038,0.0288
hid128_aggmean_fan15-10_drop30_bs1024,128,mean,15,10,0.3,1024,20,2.1055,0.2964,2.5794,0.0258,0.2964,0.0258
hid128_aggmean_fan15-10_drop30_bs1024,128,mean,15,10,0.3,1024,21,2.1103,0.3119,2.464,0.0306,0.3119,0.0306
hid128_aggmean_fan15-10_drop30_bs1024,128,mean,15,10,0.3,1024,22,2.098,0.2811,2.6613,0.0323,0.2811,0.0323
hid128_aggmean_fan15-10_drop30_bs1024,128,mean,15,10,0.3,1024,23,2.0904,0.2826,2.7395,0.0298,0.2826,0.0298
hid128_aggmean_fan15-10_drop30_bs1024,128,mean,15,10,0.3,1024,24,2.1,0.2942,2.5533,0.0284,0.2942,0.0284
hid128_aggmean_fan15-10_drop30_bs1024,128,mean,15,10,0.3,1024,25,2.0837,0.284,2.603,0.0252,0.284,0.0252
hid128_aggmean_fan15-10_drop40_bs1024,128,mean,15,10,0.4,1024,1,2.2816,0.1453,2.2315,0.0223,0.1453,0.0223
hid128_aggmean_fan15-10_drop40_bs1024,128,mean,15,10,0.4,1024,2,2.257,0.1683,2.1902,0.024,0.1683,0.024
hid128_aggmean_fan15-10_drop40_bs1024,128,mean,15,10,0.4,1024,3,2.2464,0.2381,2.047,0.3356,0.2381,0.3356
hid128_aggmean_fan15-10_drop40_bs1024,128,mean,15,10,0.4,1024,4,2.2357,0.2417,2.2771,0.0194,0.2417,0.0194
hid128_aggmean_fan15-10_drop40_bs1024,128,mean,15,10,0.4,1024,5,2.2203,0.1787,2.277,0.0286,0.1787,0.0286
hid128_aggmean_fan15-10_drop40_bs1024,128,mean,15,10,0.4,1024,6,2.2155,0.1958,2.2811,0.0284,0.1958,0.0284
hid128_aggmean_fan15-10_drop40_bs1024,128,mean,15,10,0.4,1024,7,2.1998,0.2208,2.2931,0.035,0.2208,0.035
hid128_aggmean_fan15-10_drop40_bs1024,128,mean,15,10,0.4,1024,8,2.19,0.1786,2.2536,0.0348,0.1786,0.0348
hid128_aggmean_fan15-10_drop40_bs1024,128,mean,15,10,0.4,1024,9,2.1868,0.2308,2.2684,0.0365,0.2308,0.0365
hid128_aggmean_fan15-10_drop40_bs1024,128,mean,15,10,0.4,1024,10,2.1813,0.2638,2.3775,0.0332,0.2638,0.0332
hid128_aggmean_fan15-10_drop40_bs1024,128,mean,15,10,0.4,1024,11,2.1715,0.2339,2.5833,0.0248,0.2339,0.0248
hid128_aggmean_fan15-10_drop40_bs1024,128,mean,15,10,0.4,1024,12,2.1694,0.2467,2.402,0.0325,0.2467,0.0325
hid128_aggmean_fan15-10_drop40_bs1024,128,mean,15,10,0.4,1024,13,2.1622,0.2681,2.4702,0.0315,0.2681,0.0315
hid128_aggmean_fan15-10_drop40_bs1024,128,mean,15,10,0.4,1024,14,2.1532,0.2783,2.4143,0.0328,0.2783,0.0328
hid128_aggmean_fan15-10_drop40_bs1024,128,mean,15,10,0.4,1024,15,2.1486,0.2888,2.4993,0.0326,0.2888,0.0326
hid128_aggmean_fan15-10_drop40_bs1024,128,mean,15,10,0.4,1024,16,2.1555,0.2628,2.5796,0.0285,0.2628,0.0285
hid128_aggmean_fan15-10_drop40_bs1024,128,mean,15,10,0.4,1024,17,2.1451,0.3233,2.461,0.0292,0.3233,0.0292
hid128_aggmean_fan15-10_drop40_bs1024,128,mean,15,10,0.4,1024,18,2.1447,0.3284,2.4687,0.0314,0.3284,0.0314
hid128_aggmean_fan15-10_drop40_bs1024,128,mean,15,10,0.4,1024,19,2.1357,0.2484,2.5674,0.0312,0.2484,0.0312
hid128_aggmean_fan15-10_drop40_bs1024,128,mean,15,10,0.4,1024,20,2.132,0.2532,2.468,0.0322,0.2532,0.0322
hid128_aggmean_fan15-10_drop40_bs1024,128,mean,15,10,0.4,1024,21,2.1315,0.2908,2.5523,0.0291,0.2908,0.0291
hid128_aggmean_fan15-10_drop40_bs1024,128,mean,15,10,0.4,1024,22,2.1169,0.2668,2.5141,0.0304,0.2668,0.0304
hid128_aggmean_fan15-10_drop40_bs1024,128,mean,15,10,0.4,1024,23,2.1111,0.2461,2.5034,0.0324,0.2461,0.0324
hid128_aggmean_fan15-10_drop40_bs1024,128,mean,15,10,0.4,1024,24,2.1166,0.2741,2.3933,0.0367,0.2741,0.0367
hid128_aggmean_fan15-10_drop40_bs1024,128,mean,15,10,0.4,1024,25,2.1083,0.2934,2.5247,0.0291,0.2934,0.0291
hid128_aggmean_fan25-15_drop20_bs1024,128,mean,25,15,0.2,1024,1,2.2829,0.2145,2.05,0.3603,0.2145,0.3603
hid128_aggmean_fan25-15_drop20_bs1024,128,mean,25,15,0.2,1024,2,2.2577,0.2139,2.2623,0.0159,0.2139,0.0159
hid128_aggmean_fan25-15_drop20_bs1024,128,mean,25,15,0.2,1024,3,2.2352,0.2009,2.2841,0.0162,0.2009,0.0162
hid128_aggmean_fan25-15_drop20_bs1024,128,mean,25,15,0.2,1024,4,2.2338,0.2484,2.2657,0.0274,0.2484,0.0274
hid128_aggmean_fan25-15_drop20_bs1024,128,mean,25,15,0.2,1024,5,2.2115,0.2252,2.3629,0.0276,0.2252,0.0276
hid128_aggmean_fan25-15_drop20_bs1024,128,mean,25,15,0.2,1024,6,2.1965,0.2317,2.4311,0.0206,0.2317,0.0206
hid128_aggmean_fan25-15_drop20_bs1024,128,mean,25,15,0.2,1024,7,2.1777,0.2869,2.4756,0.025,0.2869,0.025
hid128_aggmean_fan25-15_drop20_bs1024,128,mean,25,15,0.2,1024,8,2.1745,0.2715,2.3144,0.0351,0.2715,0.0351
hid128_aggmean_fan25-15_drop20_bs1024,128,mean,25,15,0.2,1024,9,2.1652,0.2741,2.4655,0.0309,0.2741,0.0309
hid128_aggmean_fan25-15_drop20_bs1024,128,mean,25,15,0.2,1024,10,2.154,0.2713,2.489,0.0298,0.2713,0.0298
hid128_aggmean_fan25-15_drop20_bs1024,128,mean,25,15,0.2,1024,11,2.1519,0.3001,2.5991,0.0286,0.3001,0.0286
hid128_aggmean_fan25-15_drop20_bs1024,128,mean,25,15,0.2,1024,12,2.1364,0.2835,2.4254,0.037,0.2835,0.037
hid128_aggmean_fan25-15_drop20_bs1024,128,mean,25,15,0.2,1024,13,2.1411,0.2931,2.5712,0.0327,0.2931,0.0327
hid128_aggmean_fan25-15_drop20_bs1024,128,mean,25,15,0.2,1024,14,2.125,0.291,2.6186,0.0271,0.291,0.0271
hid128_aggmean_fan25-15_drop20_bs1024,128,mean,25,15,0.2,1024,15,2.1261,0.2965,2.5781,0.0279,0.2965,0.0279
hid128_aggmean_fan25-15_drop20_bs1024,128,mean,25,15,0.2,1024,16,2.1096,0.3212,2.4827,0.0295,0.3212,0.0295
hid128_aggmean_fan25-15_drop20_bs1024,128,mean,25,15,0.2,1024,17,2.1079,0.301,2.4833,0.0301,0.301,0.0301
hid128_aggmean_fan25-15_drop20_bs1024,128,mean,25,15,0.2,1024,18,2.1063,0.3408,2.6198,0.0238,0.3408,0.0238
hid128_aggmean_fan25-15_drop20_bs1024,128,mean,25,15,0.2,1024,19,2.1033,0.2552,2.6181,0.0276,0.2552,0.0276
hid128_aggmean_fan25-15_drop20_bs1024,128,mean,25,15,0.2,1024,20,2.1014,0.3197,2.505,0.0349,0.3197,0.0349
hid128_aggmean_fan25-15_drop20_bs1024,128,mean,25,15,0.2,1024,21,2.091,0.2976,2.5218,0.0346,0.2976,0.0346
hid128_aggmean_fan25-15_drop20_bs1024,128,mean,25,15,0.2,1024,22,2.0731,0.2988,2.5986,0.0303,0.2988,0.0303
hid128_aggmean_fan25-15_drop20_bs1024,128,mean,25,15,0.2,1024,23,2.0825,0.3052,2.566,0.0318,0.3052,0.0318
hid128_aggmean_fan25-15_drop20_bs1024,128,mean,25,15,0.2,1024,24,2.0745,0.2758,2.5434,0.0338,0.2758,0.0338
hid128_aggmean_fan25-15_drop20_bs1024,128,mean,25,15,0.2,1024,25,2.0791,0.2825,2.566,0.028,0.2825,0.028
hid128_aggmean_fan25-15_drop30_bs1024,128,mean,25,15,0.3,1024,1,2.287,0.1823,2.1708,0.1212,0.1823,0.1212
hid128_aggmean_fan25-15_drop30_bs1024,128,mean,25,15,0.3,1024,2,2.2615,0.197,2.3604,0.0246,0.197,0.0246
hid128_aggmean_fan25-15_drop30_bs1024,128,mean,25,15,0.3,1024,3,2.2435,0.1493,2.2357,0.0354,0.1493,0.0354
hid128_aggmean_fan25-15_drop30_bs1024,128,mean,25,15,0.3,1024,4,2.2261,0.2164,2.2727,0.0347,0.2164,0.0347
hid128_aggmean_fan25-15_drop30_bs1024,128,mean,25,15,0.3,1024,5,2.2212,0.2028,2.332,0.0292,0.2028,0.0292
hid128_aggmean_fan25-15_drop30_bs1024,128,mean,25,15,0.3,1024,6,2.2081,0.1911,2.4564,0.0217,0.1911,0.0217
hid128_aggmean_fan25-15_drop30_bs1024,128,mean,25,15,0.3,1024,7,2.1886,0.1779,2.3629,0.0339,0.1779,0.0339
hid128_aggmean_fan25-15_drop30_bs1024,128,mean,25,15,0.3,1024,8,2.1772,0.2556,2.4017,0.0316,0.2556,0.0316
hid128_aggmean_fan25-15_drop30_bs1024,128,mean,25,15,0.3,1024,9,2.1549,0.2357,2.5916,0.0296,0.2357,0.0296
hid128_aggmean_fan25-15_drop30_bs1024,128,mean,25,15,0.3,1024,10,2.159,0.2456,2.4196,0.0274,0.2456,0.0274
hid128_aggmean_fan25-15_drop30_bs1024,128,mean,25,15,0.3,1024,11,2.1515,0.2385,2.4431,0.0343,0.2385,0.0343
hid128_aggmean_fan25-15_drop30_bs1024,128,mean,25,15,0.3,1024,12,2.1448,0.2784,2.5356,0.0306,0.2784,0.0306
hid128_aggmean_fan25-15_drop30_bs1024,128,mean,25,15,0.3,1024,13,2.1498,0.2592,2.5406,0.0284,0.2592,0.0284
hid128_aggmean_fan25-15_drop30_bs1024,128,mean,25,15,0.3,1024,14,2.1239,0.2679,2.5509,0.0327,0.2679,0.0327
hid128_aggmean_fan25-15_drop30_bs1024,128,mean,25,15,0.3,1024,15,2.1244,0.2831,2.5684,0.0344,0.2831,0.0344
hid128_aggmean_fan25-15_drop30_bs1024,128,mean,25,15,0.3,1024,16,2.1155,0.3107,2.5907,0.0305,0.3107,0.0305
hid128_aggmean_fan25-15_drop30_bs1024,128,mean,25,15,0.3,1024,17,2.1144,0.2853,2.5358,0.034,0.2853,0.034
hid128_aggmean_fan25-15_drop30_bs1024,128,mean,25,15,0.3,1024,18,2.1075,0.2602,2.6169,0.032,0.2602,0.032
hid128_aggmean_fan25-15_drop30_bs1024,128,mean,25,15,0.3,1024,19,2.1043,0.2673,2.5731,0.0334,0.2673,0.0334
hid128_aggmean_fan25-15_drop30_bs1024,128,mean,25,15,0.3,1024,20,2.0999,0.2703,2.5215,0.0365,0.2703,0.0365
hid128_aggmean_fan25-15_drop30_bs1024,128,mean,25,15,0.3,1024,21,2.0939,0.2701,2.7393,0.0266,0.2701,0.0266
hid128_aggmean_fan25-15_drop30_bs1024,128,mean,25,15,0.3,1024,22,2.0899,0.2684,2.5023,0.0375,0.2684,0.0375
hid128_aggmean_fan25-15_drop30_bs1024,128,mean,25,15,0.3,1024,23,2.0905,0.2599,2.5282,0.0324,0.2599,0.0324
hid128_aggmean_fan25-15_drop30_bs1024,128,mean,25,15,0.3,1024,24,2.0834,0.2861,2.5816,0.0293,0.2861,0.0293
hid128_aggmean_fan25-15_drop30_bs1024,128,mean,25,15,0.3,1024,25,2.0942,0.2837,2.6218,0.0281,0.2837,0.0281
hid128_aggmean_fan25-15_drop40_bs1024,128,mean,25,15,0.4,1024,1,2.2863,0.1113,2.1611,0.0855,0.1113,0.0855
hid128_aggmean_fan25-15_drop40_bs1024,128,mean,25,15,0.4,1024,2,2.262,0.1249,2.202,0.0244,0.1249,0.0244
hid128_aggmean_fan25-15_drop40_bs1024,128,mean,25,15,0.4,1024,3,2.2479,0.1163,2.1106,0.0625,0.1163,0.0625
hid128_aggmean_fan25-15_drop40_bs1024,128,mean,25,15,0.4,1024,4,2.2407,0.1367,2.1534,0.0417,0.1367,0.0417
hid128_aggmean_fan25-15_drop40_bs1024,128,mean,25,15,0.4,1024,5,2.2161,0.2158,2.2726,0.0273,0.2158,0.0273
hid128_aggmean_fan25-15_drop40_bs1024,128,mean,25,15,0.4,1024,6,2.2081,0.1726,2.3617,0.0234,0.1726,0.0234
hid128_aggmean_fan25-15_drop40_bs1024,128,mean,25,15,0.4,1024,7,2.2043,0.1427,2.2809,0.0269,0.1427,0.0269
hid128_aggmean_fan25-15_drop40_bs1024,128,mean,25,15,0.4,1024,8,2.1889,0.2486,2.2536,0.0358,0.2486,0.0358
hid128_aggmean_fan25-15_drop40_bs1024,128,mean,25,15,0.4,1024,9,2.1794,0.1978,2.3595,0.0311,0.1978,0.0311
hid128_aggmean_fan25-15_drop40_bs1024,128,mean,25,15,0.4,1024,10,2.175,0.2195,2.3802,0.0341,0.2195,0.0341
hid128_aggmean_fan25-15_drop40_bs1024,128,mean,25,15,0.4,1024,11,2.1619,0.2282,2.2904,0.0349,0.2282,0.0349
hid128_aggmean_fan25-15_drop40_bs1024,128,mean,25,15,0.4,1024,12,2.1515,0.2465,2.4016,0.032,0.2465,0.032
hid128_aggmean_fan25-15_drop40_bs1024,128,mean,25,15,0.4,1024,13,2.1514,0.2265,2.373,0.0302,0.2265,0.0302
hid128_aggmean_fan25-15_drop40_bs1024,128,mean,25,15,0.4,1024,14,2.1526,0.2416,2.5186,0.0255,0.2416,0.0255
hid128_aggmean_fan25-15_drop40_bs1024,128,mean,25,15,0.4,1024,15,2.1431,0.2223,2.4955,0.0283,0.2223,0.0283
hid128_aggmean_fan25-15_drop40_bs1024,128,mean,25,15,0.4,1024,16,2.1379,0.2336,2.4107,0.0317,0.2336,0.0317
hid128_aggmean_fan25-15_drop40_bs1024,128,mean,25,15,0.4,1024,17,2.1425,0.2284,2.3631,0.0368,0.2284,0.0368
hid128_aggmean_fan25-15_drop40_bs1024,128,mean,25,15,0.4,1024,18,2.1287,0.2823,2.4203,0.0347,0.2823,0.0347
hid128_aggmean_fan25-15_drop40_bs1024,128,mean,25,15,0.4,1024,19,2.1215,0.2757,2.5525,0.028,0.2757,0.028
hid128_aggmean_fan25-15_drop40_bs1024,128,mean,25,15,0.4,1024,20,2.119,0.2338,2.4193,0.0317,0.2338,0.0317
hid128_aggmean_fan25-15_drop40_bs1024,128,mean,25,15,0.4,1024,21,2.1119,0.2384,2.3763,0.0339,0.2384,0.0339
hid128_aggmean_fan25-15_drop40_bs1024,128,mean,25,15,0.4,1024,22,2.1094,0.2807,2.5018,0.0301,0.2807,0.0301
hid128_aggmean_fan25-15_drop40_bs1024,128,mean,25,15,0.4,1024,23,2.1068,0.27,2.5583,0.0296,0.27,0.0296
hid128_aggmean_fan25-15_drop40_bs1024,128,mean,25,15,0.4,1024,24,2.0938,0.2621,2.5411,0.0284,0.2621,0.0284
hid128_aggmean_fan25-15_drop40_bs1024,128,mean,25,15,0.4,1024,25,2.102,0.2613,2.517,0.029,0.2613,0.029
